logins,passwords,ips,dates,true_attempt
julianna_ashly@email.com,1234,45.22388.116.118,14:10:25 15-09-2021,True
diego_aleena@email.com,03091965,134.37387.11.222,08:39:23 29-12-2020,True
milana_syed@email.com,JSYED46,194.47049.201.211,20:26:09 03-02-2021,False
emanuel_xavier@email.com,<[vf%G/(;F,81.5671.39.206,12:59:19 26-12-2019,False
zissy_ronan@email.com,"J}d,",45.48120.248.39,11:38:52 12-06-2021,True
ellis_lyric@email.com,&1YRIC12,196.55596.44.68,10:56:31 14-09-2022,True
julianna_ashly@email.com,1234,102.54188.172.247,21:00:42 04-08-2019,True
diego_aleena@email.com,03091965,185.12858.58.231,08:30:52 09-10-2022,True
lucien_anais@email.com,@^]#7>/'N,84.65176.152.189,18:30:25 20-07-2023,False
michelle_abdiel@email.com,123456,152.27762.114.64,17:12:12 25-12-2023,False
milana_syed@email.com,JSYED46,200.29622.182.85,12:08:26 03-06-2021,True
nyla_jorge@email.com,/~=[1R.VC,196.50521.89.149,10:38:07 24-04-2023,True
chiara_yocheved@email.com,Vivian4&ver,203.22625.97.1,09:49:00 18-02-2021,True
emanuel_xavier@email.com,<[vf%G/(;F,185.6976.64.111,15:05:52 14-12-2022,True
ellis_lyric@email.com,&1YRIC12,185.53539.35.161,09:25:51 15-02-2023,False
emanuel_ayla@email.com,12121989,178.5065.201.78,07:57:57 27-02-2021,False
ava_boruch@email.com,O@!n7[dBE,196.14425.89.38,13:13:50 26-06-2021,True
sabrina_aubree@email.com,22101959,194.37241.121.112,16:49:04 22-12-2020,False
carla_menachem@email.com,06121979,64.53269.21.102,08:52:06 24-01-2023,True
gary_guadalupe@email.com,01041978,195.54989.205.97,13:01:19 26-12-2022,True
nyla_jorge@email.com,/~=[1R.VC,197.55348.52.238,21:36:17 20-09-2022,True
zissy_ronan@email.com,"J}d,",79.34732.172.129,21:34:37 04-09-2020,True
maxwell_alpha@email.com,$lL@`,176.14658.66.173,13:56:03 25-08-2023,True
gary_guadalupe@email.com,01041978,57.21095.103.60,14:14:40 04-04-2020,True
tzivia_emma@email.com,6X4|$,57.21545.41.49,14:20:31 18-12-2023,False
denzel_sevyn@email.com,Denzel1950,62.14578.242.234,20:33:19 12-09-2019,True
maxwell_alpha@email.com,$lL@`,45.34953.137.210,12:59:21 07-04-2023,True
diego_aleena@email.com,03091965,203.3321.249.183,13:51:56 19-11-2023,False
julianna_ashly@email.com,1234,91.59521.129.135,15:42:16 16-11-2022,True
gary_guadalupe@email.com,01041978,23.47728.112.70,16:29:06 20-05-2021,True
denzel_sevyn@email.com,Denzel1950,104.7270.102.151,09:06:10 20-10-2019,False
nyla_jorge@email.com,/~=[1R.VC,8.5519.143.132,18:51:08 15-07-2019,True
ellis_lyric@email.com,&1YRIC12,209.15197.93.32,15:18:12 22-09-2022,True
emanuel_ayla@email.com,12121989,91.56580.4.124,14:17:58 24-11-2020,True
sabrina_aubree@email.com,22101959,216.60636.220.4,20:23:26 12-12-2020,True
tzivia_emma@email.com,6X4|$,109.60264.104.207,14:39:06 10-12-2021,True
ezriel_alejandra@email.com,@dmin,195.1390.110.246,16:17:10 05-07-2023,True
emanuel_xavier@email.com,<[vf%G/(;F,213.33338.58.241,17:55:09 01-11-2021,False
michelle_abdiel@email.com,123456,46.42659.163.8,20:17:14 11-06-2019,True
milana_syed@email.com,JSYED46,198.4173.77.45,20:55:47 04-10-2021,False
emanuel_xavier@email.com,<[vf%G/(;F,176.27182.46.241,13:11:27 22-09-2019,True
carla_menachem@email.com,06121979,46.8780.76.52,13:41:21 16-04-2022,True
chiara_yocheved@email.com,Vivian4&ver,193.27803.155.5,09:20:17 17-11-2019,True
diego_aleena@email.com,03091965,81.6584.184.95,07:01:07 26-02-2021,False
lucien_anais@email.com,@^]#7>/'N,80.3285.213.90,16:29:37 09-11-2021,False
denzel_sevyn@email.com,Denzel1950,194.6857.201.94,21:02:56 04-07-2021,False
diego_aleena@email.com,03091965,102.9397.181.45,21:43:00 20-07-2022,True
michelle_abdiel@email.com,123456,165.23281.241.58,15:22:48 28-04-2021,False
nyla_jorge@email.com,/~=[1R.VC,208.23153.113.211,14:35:32 28-07-2019,True
milana_syed@email.com,JSYED46,43.63257.25.253,07:09:59 24-02-2022,False
ellis_lyric@email.com,&1YRIC12,185.30391.183.241,07:12:10 25-02-2022,True
johnny_yariel@email.com,pas$w0rd,185.25394.50.67,12:46:31 13-07-2023,False
ezriel_alejandra@email.com,@dmin,193.62166.214.36,21:06:30 29-01-2021,True
nyla_jorge@email.com,/~=[1R.VC,196.57108.20.162,20:51:33 27-03-2021,True
tzivia_emma@email.com,6X4|$,102.17585.177.80,15:35:06 02-03-2023,True
ezriel_alejandra@email.com,@dmin,66.59384.248.245,20:48:21 24-08-2021,True
ava_boruch@email.com,O@!n7[dBE,160.62064.112.51,14:57:29 20-03-2020,False
chiara_yocheved@email.com,Vivian4&ver,172.57706.106.83,07:14:23 09-01-2021,False
tzivia_emma@email.com,6X4|$,156.9780.52.93,07:02:11 12-05-2022,True
lucien_anais@email.com,@^]#7>/'N,103.31170.194.39,14:43:17 07-12-2021,True
diego_aleena@email.com,03091965,178.5353.233.255,21:34:42 15-07-2022,True
nyla_jorge@email.com,/~=[1R.VC,129.52698.218.58,15:03:38 06-02-2023,False
johnny_yariel@email.com,pas$w0rd,103.37038.174.107,18:46:50 05-07-2020,True
tzivia_emma@email.com,6X4|$,184.6643.243.177,17:24:05 09-02-2019,False
ava_boruch@email.com,O@!n7[dBE,84.5559.183.148,13:25:49 15-01-2022,True
ava_boruch@email.com,O@!n7[dBE,23.47728.112.159,16:39:20 19-04-2021,False
sabrina_aubree@email.com,22101959,12.10631.135.0,17:38:25 02-09-2022,True
denzel_sevyn@email.com,Denzel1950,117.5153.33.183,09:44:11 19-11-2022,True
sabrina_aubree@email.com,22101959,204.38993.81.87,18:47:14 07-08-2020,True
denzel_sevyn@email.com,Denzel1950,184.13101.45.63,11:18:51 26-05-2019,True
michelle_abdiel@email.com,123456,185.52404.180.5,21:18:58 01-01-2023,False
gary_guadalupe@email.com,01041978,89.26745.121.76,15:34:21 18-02-2022,True
emanuel_xavier@email.com,<[vf%G/(;F,41.55194.154.118,17:14:58 01-07-2023,True
denzel_sevyn@email.com,Denzel1950,185.326.70.11,10:56:05 01-07-2021,True
ellis_lyric@email.com,&1YRIC12,185.53373.125.76,18:24:03 02-02-2020,True
ava_boruch@email.com,O@!n7[dBE,205.59012.132.24,09:44:33 17-12-2022,True
emanuel_xavier@email.com,<[vf%G/(;F,172.27461.69.216,14:36:19 12-05-2020,False
ava_boruch@email.com,O@!n7[dBE,5.2800.240.180,12:45:39 22-11-2022,True
emanuel_ayla@email.com,12121989,206.47949.77.181,13:31:55 05-04-2020,True
emanuel_ayla@email.com,12121989,203.26683.59.26,07:44:00 19-02-2021,True
maxwell_alpha@email.com,$lL@`,196.46721.129.143,13:38:31 06-08-2019,False
zissy_ronan@email.com,"J}d,",57.21658.154.222,19:14:05 16-08-2021,True
milana_syed@email.com,JSYED46,63.55937.129.39,20:24:04 22-04-2020,True
michelle_abdiel@email.com,123456,172.57942.86.129,10:20:08 08-08-2019,True
gary_guadalupe@email.com,01041978,196.50636.204.34,11:36:37 03-09-2020,True
sabrina_aubree@email.com,22101959,43.62877.157.135,14:32:49 23-03-2019,False
emanuel_xavier@email.com,<[vf%G/(;F,194.32289.33.192,16:09:13 10-09-2019,False
emanuel_ayla@email.com,12121989,196.50560.128.166,08:33:25 05-08-2022,True
diego_aleena@email.com,03091965,203.4592.240.126,10:52:24 11-05-2023,True
tzivia_emma@email.com,6X4|$,45.58879.255.77,07:49:25 16-12-2020,False
ava_boruch@email.com,O@!n7[dBE,185.34431.127.72,16:11:23 11-03-2020,False
emanuel_ayla@email.com,12121989,34.25542.198.140,20:59:58 06-08-2020,True
ezriel_alejandra@email.com,@dmin,176.29295.111.203,17:10:43 09-01-2023,True
johnny_yariel@email.com,pas$w0rd,77.18989.45.51,21:52:02 05-07-2019,True
ellis_lyric@email.com,&1YRIC12,192.17546.138.9,17:34:23 16-01-2021,True
milana_syed@email.com,JSYED46,185.42174.190.41,09:07:25 26-05-2021,True
tzivia_emma@email.com,6X4|$,37.52058.90.118,21:19:13 19-03-2022,True
carla_menachem@email.com,06121979,51.13599.31.158,12:45:58 24-07-2023,False
lucien_anais@email.com,@^]#7>/'N,196.50757.69.178,19:15:08 06-05-2023,False
ellis_lyric@email.com,&1YRIC12,143.51866.154.255,14:24:46 25-01-2019,True
diego_aleena@email.com,03091965,23.36728.120.73,17:54:26 06-06-2020,True
emanuel_ayla@email.com,12121989,203.4594.242.191,13:35:48 21-06-2023,True
ava_boruch@email.com,O@!n7[dBE,196.50749.61.223,20:23:25 14-08-2023,False
sabrina_aubree@email.com,22101959,92.9763.35.200,08:46:12 02-08-2021,True
diego_aleena@email.com,03091965,202.46128.48.37,09:47:57 02-03-2021,True
milana_syed@email.com,JSYED46,185.6818.162.209,14:25:51 16-05-2021,True
ava_boruch@email.com,O@!n7[dBE,45.35338.10.22,21:44:31 25-07-2022,True
michelle_abdiel@email.com,123456,84.59879.231.66,20:03:12 29-04-2020,False
emanuel_ayla@email.com,12121989,172.57841.241.101,21:20:35 08-04-2022,True
gary_guadalupe@email.com,01041978,105.4116.20.200,14:51:35 28-08-2022,True
chiara_yocheved@email.com,Vivian4&ver,102.17456.48.110,18:00:48 10-09-2023,True
sabrina_aubree@email.com,22101959,185.32936.168.222,12:53:53 14-07-2020,True
carla_menachem@email.com,06121979,67.55041.1.122,07:54:53 08-11-2020,True
ava_boruch@email.com,O@!n7[dBE,103.40236.44.231,07:31:30 25-01-2022,True
gary_guadalupe@email.com,01041978,213.65525.245.252,18:34:43 24-06-2022,True
emanuel_ayla@email.com,12121989,196.12466.178.106,17:32:28 23-05-2022,True
denzel_sevyn@email.com,Denzel1950,208.17134.238.191,10:18:21 16-10-2020,False
tzivia_emma@email.com,6X4|$,67.58969.89.6,07:52:22 01-10-2019,False
lucien_anais@email.com,@^]#7>/'N,185.1330.50.246,14:12:38 19-04-2020,False
julianna_ashly@email.com,1234,65.46366.30.232,16:22:04 25-03-2019,True
ava_boruch@email.com,O@!n7[dBE,103.5146.26.80,09:39:25 28-06-2019,False
lucien_anais@email.com,@^]#7>/'N,196.5646.14.114,09:50:04 07-05-2019,False
michelle_abdiel@email.com,123456,191.24851.19.237,11:10:01 29-08-2019,True
ellis_lyric@email.com,&1YRIC12,196.50320.144.41,19:15:03 02-08-2023,True
diego_aleena@email.com,03091965,185.17850.186.4,20:47:20 01-08-2022,False
tzivia_emma@email.com,6X4|$,137.65314.34.55,11:15:38 18-12-2019,True
chiara_yocheved@email.com,Vivian4&ver,196.12339.51.137,14:56:05 03-02-2022,True
chiara_yocheved@email.com,Vivian4&ver,196.50560.128.214,19:07:14 02-12-2020,True
ava_boruch@email.com,O@!n7[dBE,43.57468.124.198,16:36:46 08-09-2021,True
julianna_ashly@email.com,1234,41.20312.88.183,16:50:44 19-07-2020,False
ellis_lyric@email.com,&1YRIC12,102.56291.227.66,10:39:04 05-09-2020,False
lucien_anais@email.com,@^]#7>/'N,172.57841.241.66,15:58:45 17-09-2020,False
gary_guadalupe@email.com,01041978,89.9871.143.14,11:31:13 19-01-2021,True
milana_syed@email.com,JSYED46,183.46664.72.146,14:35:54 18-05-2023,False
maxwell_alpha@email.com,$lL@`,102.17314.162.63,11:55:34 22-06-2019,False
tzivia_emma@email.com,6X4|$,43.44871.71.173,18:15:15 10-10-2023,False
diego_aleena@email.com,03091965,200.2496.192.217,08:49:45 23-09-2022,True
lucien_anais@email.com,@^]#7>/'N,61.7362.194.0,09:42:33 14-06-2020,True
emanuel_xavier@email.com,<[vf%G/(;F,196.50872.184.194,20:12:36 03-04-2023,True
ellis_lyric@email.com,&1YRIC12,169.14714.122.93,10:19:19 04-06-2023,True
emanuel_ayla@email.com,12121989,159.39299.131.227,19:26:44 16-09-2023,True
diego_aleena@email.com,03091965,66.63900.156.235,21:59:51 19-04-2019,False
carla_menachem@email.com,06121979,195.54334.62.107,17:09:03 29-04-2023,True
emanuel_ayla@email.com,12121989,124.27672.24.205,07:52:53 01-04-2021,False
diego_aleena@email.com,03091965,192.39838.158.251,17:43:09 10-08-2019,True
ezriel_alejandra@email.com,@dmin,95.33595.59.70,19:58:40 24-01-2021,True
milana_syed@email.com,JSYED46,85.65186.162.26,12:47:47 06-05-2023,True
sabrina_aubree@email.com,22101959,13.24097.33.35,20:39:15 08-02-2023,False
ezriel_alejandra@email.com,@dmin,202.22482.210.83,16:45:02 08-04-2020,True
emanuel_xavier@email.com,<[vf%G/(;F,57.21116.124.101,14:41:26 02-03-2020,True
lucien_anais@email.com,@^]#7>/'N,103.30196.244.71,15:00:30 07-10-2023,False
carla_menachem@email.com,06121979,43.44803.3.147,14:52:37 29-04-2023,True
diego_aleena@email.com,03091965,52.23850.42.40,09:50:07 29-09-2022,True
johnny_yariel@email.com,pas$w0rd,62.55389.93.179,15:54:39 08-06-2021,True
ava_boruch@email.com,O@!n7[dBE,200.673.161.90,14:57:29 18-10-2023,False
ezriel_alejandra@email.com,@dmin,45.43431.167.130,07:00:57 13-03-2023,True
diego_aleena@email.com,03091965,196.50599.167.205,07:15:14 20-11-2020,False
zissy_ronan@email.com,"J}d,",213.39503.79.47,20:28:39 03-04-2020,True
emanuel_xavier@email.com,<[vf%G/(;F,102.36294.198.109,20:25:24 06-11-2020,False
johnny_yariel@email.com,pas$w0rd,80.2157.109.103,18:59:33 28-05-2022,False
zissy_ronan@email.com,"J}d,",202.16685.45.251,14:13:49 18-10-2022,False
ellis_lyric@email.com,&1YRIC12,65.46366.30.1,12:45:34 08-06-2023,True
ezriel_alejandra@email.com,@dmin,95.36462.110.8,11:44:46 11-12-2020,False
emanuel_ayla@email.com,12121989,115.21611.107.138,16:55:14 29-08-2019,False
julianna_ashly@email.com,1234,196.12642.98.77,09:58:58 24-10-2020,True
chiara_yocheved@email.com,Vivian4&ver,195.15239.135.40,15:37:03 03-10-2019,True
emanuel_ayla@email.com,12121989,135.33151.127.45,08:23:12 10-07-2019,True
ellis_lyric@email.com,&1YRIC12,170.64333.77.48,20:00:53 08-10-2023,True
sabrina_aubree@email.com,22101959,195.742.230.58,10:48:52 11-12-2020,True
michelle_abdiel@email.com,123456,196.10532.36.123,18:21:42 19-05-2019,True
zissy_ronan@email.com,"J}d,",186.701.189.227,07:51:31 24-06-2022,True
zissy_ronan@email.com,"J}d,",146.5074.210.197,16:21:39 25-11-2019,True
lucien_anais@email.com,@^]#7>/'N,200.12890.90.37,07:30:47 07-06-2019,True
maxwell_alpha@email.com,$lL@`,45.48249.121.45,14:30:13 23-12-2020,True
ellis_lyric@email.com,&1YRIC12,102.56067.3.56,10:00:15 11-03-2020,False
denzel_sevyn@email.com,Denzel1950,185.38571.171.205,07:48:31 15-01-2023,True
milana_syed@email.com,JSYED46,80.2250.202.78,09:54:06 12-08-2020,True
julianna_ashly@email.com,1234,149.36093.253.92,14:45:34 07-03-2021,False
zissy_ronan@email.com,"J}d,",91.53797.37.170,15:40:20 01-07-2019,True
lucien_anais@email.com,@^]#7>/'N,172.57830.230.55,10:05:47 29-11-2019,False
ezriel_alejandra@email.com,@dmin,195.65153.129.68,09:20:50 19-08-2022,True
nyla_jorge@email.com,/~=[1R.VC,67.57741.141.44,11:43:55 02-10-2020,True
maxwell_alpha@email.com,$lL@`,89.55854.46.87,15:37:54 05-01-2019,True
ellis_lyric@email.com,&1YRIC12,203.21296.48.32,14:24:48 05-07-2023,True
johnny_yariel@email.com,pas$w0rd,23.47728.112.218,14:52:12 17-08-2021,True
emanuel_xavier@email.com,<[vf%G/(;F,172.18037.117.8,13:32:13 24-01-2020,False
ava_boruch@email.com,O@!n7[dBE,213.39499.75.75,19:27:31 11-06-2021,False
milana_syed@email.com,JSYED46,217.50537.105.192,09:06:36 03-10-2021,True
carla_menachem@email.com,06121979,45.30287.79.125,08:40:03 05-09-2020,True
johnny_yariel@email.com,pas$w0rd,102.55435.139.91,20:52:54 13-11-2023,False
sabrina_aubree@email.com,22101959,172.57929.73.83,14:01:17 04-05-2022,True
sabrina_aubree@email.com,22101959,35.52161.193.146,18:47:14 19-07-2019,True
zissy_ronan@email.com,"J}d,",213.26253.141.41,13:36:59 07-09-2020,False
tzivia_emma@email.com,6X4|$,45.20236.12.22,08:24:50 06-01-2019,False
gary_guadalupe@email.com,01041978,102.56360.40.43,15:35:54 10-10-2023,True
emanuel_xavier@email.com,<[vf%G/(;F,196.11964.188.204,16:43:41 24-07-2021,True
ezriel_alejandra@email.com,@dmin,185.14807.215.253,12:10:05 04-05-2023,False
maxwell_alpha@email.com,$lL@`,172.17902.238.221,18:01:46 10-12-2022,False
johnny_yariel@email.com,pas$w0rd,185.22553.25.108,19:12:00 09-06-2019,True
carla_menachem@email.com,06121979,206.21587.83.130,13:54:12 06-08-2023,True
johnny_yariel@email.com,pas$w0rd,154.18738.50.121,07:10:54 16-04-2023,True
julianna_ashly@email.com,1234,103.13401.89.44,07:44:11 18-05-2023,False
ava_boruch@email.com,O@!n7[dBE,102.16485.101.93,17:10:27 17-04-2021,True
emanuel_ayla@email.com,12121989,172.28379.219.254,12:30:32 01-10-2020,True
emanuel_ayla@email.com,12121989,17.18701.13.255,07:32:54 19-04-2020,True
milana_syed@email.com,JSYED46,172.57664.64.105,19:56:19 14-04-2021,True
johnny_yariel@email.com,pas$w0rd,190.3314.242.153,17:50:42 28-12-2020,True
denzel_sevyn@email.com,Denzel1950,172.57830.230.25,15:13:36 10-06-2020,True
johnny_yariel@email.com,pas$w0rd,172.17499.91.180,09:49:12 26-04-2019,True
diego_aleena@email.com,03091965,5.14493.157.37,15:00:40 17-05-2019,True
ava_boruch@email.com,O@!n7[dBE,102.56291.227.227,20:02:02 17-06-2023,True
ezriel_alejandra@email.com,@dmin,190.15674.58.121,16:08:26 18-08-2020,True
tzivia_emma@email.com,6X4|$,193.64484.228.185,12:47:53 13-01-2021,False
ava_boruch@email.com,O@!n7[dBE,23.47728.112.226,13:18:26 11-07-2020,True
carla_menachem@email.com,06121979,185.40150.214.89,12:22:31 26-11-2019,False
gary_guadalupe@email.com,01041978,80.44162.130.15,18:36:27 12-08-2019,True
ava_boruch@email.com,O@!n7[dBE,197.65510.230.152,20:48:28 28-12-2023,False
michelle_abdiel@email.com,123456,145.3639.55.149,07:47:25 08-02-2023,False
gary_guadalupe@email.com,01041978,193.27803.155.70,12:07:31 06-10-2022,True
johnny_yariel@email.com,pas$w0rd,166.32250.250.131,13:45:49 20-01-2019,True
maxwell_alpha@email.com,$lL@`,43.65430.150.155,20:27:59 15-05-2022,False
lucien_anais@email.com,@^]#7>/'N,196.51081.137.95,14:50:53 27-10-2020,True
emanuel_xavier@email.com,<[vf%G/(;F,91.60119.215.230,14:48:59 15-10-2023,False
carla_menachem@email.com,06121979,57.20446.222.197,08:56:34 15-10-2020,False
ellis_lyric@email.com,&1YRIC12,91.53385.137.70,07:38:46 19-06-2023,True
nyla_jorge@email.com,/~=[1R.VC,31.6205.61.192,10:10:46 25-08-2020,True
julianna_ashly@email.com,1234,27.28153.249.73,18:44:49 29-06-2022,False
gary_guadalupe@email.com,01041978,38.25461.117.215,20:54:26 01-02-2022,False
carla_menachem@email.com,06121979,103.13276.220.201,11:27:44 20-02-2022,True
ava_boruch@email.com,O@!n7[dBE,202.32374.118.59,21:33:33 04-02-2023,True
diego_aleena@email.com,03091965,196.12423.135.29,09:17:20 01-03-2019,False
milana_syed@email.com,JSYED46,103.12222.190.168,18:01:47 05-09-2019,False
sabrina_aubree@email.com,22101959,196.50731.43.239,20:27:02 21-04-2021,False
maxwell_alpha@email.com,$lL@`,41.18800.112.13,07:41:24 03-01-2019,True
nyla_jorge@email.com,/~=[1R.VC,196.14375.39.209,14:06:35 20-12-2023,True
johnny_yariel@email.com,pas$w0rd,5.15958.86.29,19:35:29 28-01-2020,True
maxwell_alpha@email.com,$lL@`,212.18451.19.31,08:06:32 17-02-2022,True
chiara_yocheved@email.com,Vivian4&ver,193.63584.96.93,21:40:51 22-07-2019,True
michelle_abdiel@email.com,123456,203.4594.242.128,21:26:37 21-10-2021,True
johnny_yariel@email.com,pas$w0rd,92.36535.183.182,12:10:14 15-03-2021,True
ellis_lyric@email.com,&1YRIC12,203.3321.249.222,14:34:28 22-04-2019,True
ava_boruch@email.com,O@!n7[dBE,45.18148.228.120,14:01:40 03-06-2022,True
ezriel_alejandra@email.com,@dmin,130.50711.23.189,21:54:52 11-02-2019,False
milana_syed@email.com,JSYED46,88.51801.89.218,08:08:20 17-08-2020,True
ava_boruch@email.com,O@!n7[dBE,103.47761.145.50,18:34:31 04-06-2023,True
julianna_ashly@email.com,1234,131.56605.29.116,15:41:08 21-07-2022,True
emanuel_xavier@email.com,<[vf%G/(;F,103.44818.18.5,18:03:27 07-09-2019,False
nyla_jorge@email.com,/~=[1R.VC,194.14512.176.190,16:15:19 12-02-2022,True
maxwell_alpha@email.com,$lL@`,102.5975.87.137,18:08:41 26-11-2020,True
ezriel_alejandra@email.com,@dmin,78.10496.0.136,19:55:51 25-03-2022,True
diego_aleena@email.com,03091965,196.57115.27.56,21:56:46 20-12-2022,False
sabrina_aubree@email.com,22101959,146.19394.194.225,09:21:42 10-01-2023,False
maxwell_alpha@email.com,$lL@`,49.39985.49.199,13:12:44 19-12-2020,False
tzivia_emma@email.com,6X4|$,196.50529.97.86,07:50:59 15-01-2019,True
julianna_ashly@email.com,1234,196.14471.135.131,20:47:58 27-10-2021,False
emanuel_ayla@email.com,12121989,103.28241.81.5,14:22:10 27-09-2020,False
ava_boruch@email.com,O@!n7[dBE,109.51831.119.9,12:04:35 03-07-2021,True
ezriel_alejandra@email.com,@dmin,103.41465.249.63,08:35:08 25-06-2021,True
chiara_yocheved@email.com,Vivian4&ver,80.43329.65.9,08:59:10 23-09-2020,True
johnny_yariel@email.com,pas$w0rd,92.57132.44.74,11:50:38 03-06-2020,False
diego_aleena@email.com,03091965,77.62173.221.53,10:15:55 08-01-2020,True
ezriel_alejandra@email.com,@dmin,103.21843.83.222,14:56:29 15-04-2019,True
nyla_jorge@email.com,/~=[1R.VC,103.34672.112.134,18:02:54 12-08-2019,True
julianna_ashly@email.com,1234,173.61381.197.102,09:41:00 27-02-2023,False
ava_boruch@email.com,O@!n7[dBE,102.54910.126.238,12:07:16 03-09-2019,False
michelle_abdiel@email.com,123456,34.26546.178.69,08:04:37 23-03-2022,True
diego_aleena@email.com,03091965,217.20207.239.49,16:32:49 16-08-2023,False
julianna_ashly@email.com,1234,52.27025.145.199,08:06:05 04-03-2021,True
ezriel_alejandra@email.com,@dmin,80.17186.34.92,17:21:40 17-04-2020,True
diego_aleena@email.com,03091965,91.23110.70.217,17:18:49 14-05-2020,False
gary_guadalupe@email.com,01041978,203.3321.249.90,15:39:46 04-03-2019,True
carla_menachem@email.com,06121979,103.24824.248.252,18:06:08 22-10-2019,True
ava_boruch@email.com,O@!n7[dBE,205.55786.234.233,20:43:17 13-04-2021,True
sabrina_aubree@email.com,22101959,164.32183.183.74,18:23:15 29-01-2023,False
emanuel_ayla@email.com,12121989,57.18252.76.142,18:28:26 14-09-2022,False
sabrina_aubree@email.com,22101959,109.16223.95.47,11:18:59 26-10-2023,False
denzel_sevyn@email.com,Denzel1950,197.38275.131.129,12:53:50 26-06-2019,True
emanuel_ayla@email.com,12121989,161.149.149.146,11:22:07 09-05-2023,True
ezriel_alejandra@email.com,@dmin,185.41955.227.229,14:36:59 26-01-2022,False
diego_aleena@email.com,03091965,41.48613.229.204,13:41:53 21-12-2021,True
maxwell_alpha@email.com,$lL@`,188.31584.96.126,11:06:08 26-08-2019,False
milana_syed@email.com,JSYED46,41.56907.75.217,10:02:08 11-08-2022,False
ellis_lyric@email.com,&1YRIC12,196.12616.72.199,20:03:06 01-10-2022,False
emanuel_ayla@email.com,12121989,109.19297.97.34,21:28:08 19-11-2019,True
johnny_yariel@email.com,pas$w0rd,93.43699.179.227,15:20:38 01-09-2019,True
tzivia_emma@email.com,6X4|$,196.14506.170.198,18:31:16 21-05-2020,True
nyla_jorge@email.com,/~=[1R.VC,188.18369.193.35,19:09:32 08-06-2021,True
nyla_jorge@email.com,/~=[1R.VC,196.14467.131.53,16:06:41 27-05-2020,True
maxwell_alpha@email.com,$lL@`,197.29171.243.97,16:20:03 12-01-2023,True
carla_menachem@email.com,06121979,41.45048.248.97,10:22:42 05-11-2021,True
ellis_lyric@email.com,&1YRIC12,110.9025.65.115,15:35:02 03-05-2019,True
carla_menachem@email.com,06121979,169.61204.20.253,09:18:13 18-10-2022,True
zissy_ronan@email.com,"J}d,",205.58817.193.63,20:00:33 28-01-2019,True
carla_menachem@email.com,06121979,203.3321.249.84,10:11:18 21-04-2020,True
emanuel_ayla@email.com,12121989,195.60027.123.41,21:04:13 23-07-2023,True
emanuel_ayla@email.com,12121989,195.58000.144.247,15:38:32 09-02-2023,True
tzivia_emma@email.com,6X4|$,45.35338.10.110,14:55:10 04-03-2019,True
maxwell_alpha@email.com,$lL@`,103.25370.26.64,08:19:38 27-09-2021,True
ezriel_alejandra@email.com,@dmin,204.3838.254.194,21:33:53 04-07-2019,True
diego_aleena@email.com,03091965,23.17214.62.229,07:47:04 24-01-2021,True
maxwell_alpha@email.com,$lL@`,206.13709.141.8,10:44:18 03-07-2021,False
ellis_lyric@email.com,&1YRIC12,196.51000.56.32,12:39:24 11-05-2020,True
maxwell_alpha@email.com,$lL@`,185.33417.137.66,11:14:44 04-05-2021,True
nyla_jorge@email.com,/~=[1R.VC,162.40493.45.56,15:50:58 05-01-2022,True
julianna_ashly@email.com,1234,103.35722.138.154,11:15:59 25-12-2019,True
ellis_lyric@email.com,&1YRIC12,202.11378.114.134,18:35:24 01-07-2019,False
sabrina_aubree@email.com,22101959,103.18522.90.73,14:49:55 18-03-2022,True
ava_boruch@email.com,O@!n7[dBE,176.31713.225.162,21:46:47 09-10-2022,False
diego_aleena@email.com,03091965,103.23249.209.250,10:36:35 24-05-2019,True
emanuel_ayla@email.com,12121989,172.57822.222.192,07:54:20 17-10-2020,True
denzel_sevyn@email.com,Denzel1950,37.14868.20.161,21:38:45 13-11-2021,False
johnny_yariel@email.com,pas$w0rd,209.53591.87.27,08:36:39 10-01-2019,True
johnny_yariel@email.com,pas$w0rd,196.50290.114.193,08:03:23 12-02-2021,True
chiara_yocheved@email.com,Vivian4&ver,159.44236.204.216,11:45:24 07-03-2022,False
zissy_ronan@email.com,"J}d,",23.64375.119.43,10:23:13 05-12-2023,True
ava_boruch@email.com,O@!n7[dBE,197.40893.189.135,11:12:29 12-03-2023,False
carla_menachem@email.com,06121979,213.37042.178.108,18:16:42 15-10-2020,False
diego_aleena@email.com,03091965,145.63770.26.17,07:57:58 18-07-2019,True
lucien_anais@email.com,@^]#7>/'N,82.29261.77.205,08:10:28 03-11-2021,True
maxwell_alpha@email.com,$lL@`,196.12370.82.90,12:38:37 13-02-2020,True
tzivia_emma@email.com,6X4|$,80.2253.205.75,08:16:35 24-02-2020,False
ellis_lyric@email.com,&1YRIC12,195.13268.212.27,16:22:48 16-07-2021,True
julianna_ashly@email.com,1234,102.55128.88.214,21:23:05 03-03-2019,False
tzivia_emma@email.com,6X4|$,41.53242.250.154,14:48:03 05-09-2023,True
zissy_ronan@email.com,"J}d,",154.12768.224.247,21:07:30 15-10-2023,False
denzel_sevyn@email.com,Denzel1950,86.9874.146.5,21:42:56 29-09-2019,False
milana_syed@email.com,JSYED46,185.9727.255.114,14:18:55 20-08-2021,True
diego_aleena@email.com,03091965,196.50308.132.121,08:52:23 01-11-2021,True
maxwell_alpha@email.com,$lL@`,152.40064.128.184,18:42:17 20-12-2019,True
emanuel_xavier@email.com,<[vf%G/(;F,196.50641.209.157,11:31:58 13-09-2020,True
ava_boruch@email.com,O@!n7[dBE,51.65091.67.57,18:47:44 28-03-2023,True
tzivia_emma@email.com,6X4|$,203.6249.105.180,16:00:43 14-02-2021,True
carla_menachem@email.com,06121979,197.65530.250.0,18:32:58 11-01-2019,True
emanuel_ayla@email.com,12121989,196.57332.244.88,12:38:56 11-07-2023,False
milana_syed@email.com,JSYED46,185.41665.193.33,07:18:05 05-02-2023,False
lucien_anais@email.com,@^]#7>/'N,172.57665.65.177,18:09:35 23-10-2020,True
emanuel_xavier@email.com,<[vf%G/(;F,102.56238.174.200,13:22:12 24-11-2023,True
nyla_jorge@email.com,/~=[1R.VC,64.30669.205.115,10:12:52 11-10-2020,True
zissy_ronan@email.com,"J}d,",185.48664.24.28,16:07:49 24-09-2022,True
julianna_ashly@email.com,1234,45.43550.30.217,18:05:21 28-07-2019,True
sabrina_aubree@email.com,22101959,91.52630.150.34,09:04:52 06-12-2022,True
zissy_ronan@email.com,"J}d,",38.1819.27.13,16:29:52 15-06-2021,True
zissy_ronan@email.com,"J}d,",77.24504.184.210,09:34:55 20-08-2023,True
chiara_yocheved@email.com,Vivian4&ver,202.44030.254.14,15:07:29 27-04-2021,False
emanuel_xavier@email.com,<[vf%G/(;F,193.63584.96.105,15:52:41 20-02-2022,False
diego_aleena@email.com,03091965,103.37972.84.38,10:31:58 18-04-2021,True
tzivia_emma@email.com,6X4|$,186.48872.232.56,10:37:33 23-08-2023,False
diego_aleena@email.com,03091965,103.29852.156.81,12:52:17 21-06-2022,True
emanuel_xavier@email.com,<[vf%G/(;F,170.63385.153.31,16:25:29 26-02-2021,True
zissy_ronan@email.com,"J}d,",196.64201.201.241,16:16:29 20-12-2023,False
zissy_ronan@email.com,"J}d,",195.9758.30.20,20:12:24 13-04-2023,False
milana_syed@email.com,JSYED46,65.12501.213.157,17:21:46 08-04-2023,False
ezriel_alejandra@email.com,@dmin,103.9556.84.147,19:12:00 01-04-2020,True
lucien_anais@email.com,@^]#7>/'N,65.46366.30.227,11:01:43 01-01-2019,True
ellis_lyric@email.com,&1YRIC12,209.15197.93.225,08:04:57 06-12-2020,True
milana_syed@email.com,JSYED46,206.46792.200.3,08:36:39 27-09-2020,True
gary_guadalupe@email.com,01041978,77.17276.124.83,07:58:31 05-08-2021,False
michelle_abdiel@email.com,123456,57.18102.182.13,10:01:12 11-10-2021,False
emanuel_xavier@email.com,<[vf%G/(;F,185.64678.166.244,09:55:21 21-10-2021,False
milana_syed@email.com,JSYED46,41.20461.237.65,18:17:20 29-10-2022,False
michelle_abdiel@email.com,123456,161.41.41.209,12:53:30 11-12-2023,False
emanuel_ayla@email.com,12121989,203.49524.116.87,12:26:41 26-05-2022,False
tzivia_emma@email.com,6X4|$,185.55226.186.116,07:18:26 08-07-2019,True
chiara_yocheved@email.com,Vivian4&ver,80.23729.177.204,12:47:50 20-09-2019,True
gary_guadalupe@email.com,01041978,195.42618.122.34,21:06:43 23-03-2023,False
milana_syed@email.com,JSYED46,102.56463.143.23,15:29:30 03-07-2020,True
sabrina_aubree@email.com,22101959,91.61593.153.200,17:17:34 19-04-2020,True
sabrina_aubree@email.com,22101959,138.29061.133.236,21:38:41 18-06-2019,True
chiara_yocheved@email.com,Vivian4&ver,85.35020.204.146,12:31:14 12-12-2022,False
michelle_abdiel@email.com,123456,203.20121.153.233,08:52:20 12-09-2019,False
nyla_jorge@email.com,/~=[1R.VC,66.63654.166.64,10:29:17 05-05-2019,True
lucien_anais@email.com,@^]#7>/'N,93.49073.177.102,08:29:31 23-07-2022,True
diego_aleena@email.com,03091965,149.23388.92.165,18:44:12 13-01-2019,False
ellis_lyric@email.com,&1YRIC12,155.50207.31.166,10:31:52 09-09-2019,False
sabrina_aubree@email.com,22101959,169.40721.17.175,13:16:16 26-06-2020,True
milana_syed@email.com,JSYED46,145.61293.109.244,08:55:33 23-12-2023,True
zissy_ronan@email.com,"J}d,",102.55717.165.129,20:04:53 06-06-2023,True
gary_guadalupe@email.com,01041978,41.20424.200.64,07:23:02 11-07-2019,True
milana_syed@email.com,JSYED46,196.50853.165.73,17:57:31 20-10-2019,True
emanuel_xavier@email.com,<[vf%G/(;F,172.57848.248.15,14:38:35 13-08-2021,True
nyla_jorge@email.com,/~=[1R.VC,209.15197.93.222,08:26:00 22-02-2022,False
maxwell_alpha@email.com,$lL@`,69.14835.243.253,17:25:24 29-04-2019,True
lucien_anais@email.com,@^]#7>/'N,130.10513.17.93,11:38:10 15-06-2020,True
lucien_anais@email.com,@^]#7>/'N,65.46366.30.212,18:13:54 01-06-2021,True
tzivia_emma@email.com,6X4|$,160.62039.87.203,09:05:55 24-05-2022,True
nyla_jorge@email.com,/~=[1R.VC,202.35062.246.177,13:12:42 08-05-2023,False
diego_aleena@email.com,03091965,174.9397.181.31,14:07:36 11-02-2021,True
diego_aleena@email.com,03091965,200.1681.145.90,08:06:29 09-09-2022,True
milana_syed@email.com,JSYED46,196.50501.69.231,11:29:55 23-06-2021,True
zissy_ronan@email.com,"J}d,",186.46674.82.42,12:46:35 12-12-2022,True
gary_guadalupe@email.com,01041978,43.65429.149.45,13:52:14 23-08-2019,True
michelle_abdiel@email.com,123456,91.50928.240.26,12:15:42 28-09-2023,True
chiara_yocheved@email.com,Vivian4&ver,45.3621.37.249,14:44:36 19-02-2019,True
ezriel_alejandra@email.com,@dmin,196.8396.204.91,17:49:58 28-04-2019,True
ava_boruch@email.com,O@!n7[dBE,102.55527.231.91,10:40:28 22-10-2021,True
ava_boruch@email.com,O@!n7[dBE,45.4068.228.160,08:40:59 05-08-2023,False
denzel_sevyn@email.com,Denzel1950,103.1961.169.118,15:08:09 01-12-2021,True
johnny_yariel@email.com,pas$w0rd,164.40969.9.231,11:38:54 17-01-2023,True
sabrina_aubree@email.com,22101959,209.15215.111.0,14:55:05 17-05-2021,False
tzivia_emma@email.com,6X4|$,196.50290.114.60,10:04:54 02-09-2022,True
ezriel_alejandra@email.com,@dmin,185.9759.31.164,19:53:45 23-12-2022,True
maxwell_alpha@email.com,$lL@`,196.12388.100.14,15:09:12 02-10-2020,True
maxwell_alpha@email.com,$lL@`,91.59093.213.93,19:07:34 18-01-2020,True
emanuel_xavier@email.com,<[vf%G/(;F,45.43319.55.33,07:48:46 01-10-2023,True
carla_menachem@email.com,06121979,172.57836.236.127,19:00:35 08-08-2022,False
carla_menachem@email.com,06121979,194.39.39.111,11:49:19 24-11-2021,True
michelle_abdiel@email.com,123456,197.40417.225.100,11:31:18 14-04-2021,False
diego_aleena@email.com,03091965,217.49823.159.101,09:07:48 15-03-2019,True
michelle_abdiel@email.com,123456,168.50673.241.175,14:56:45 09-01-2021,False
gary_guadalupe@email.com,01041978,208.13207.151.172,13:50:02 11-07-2019,False
maxwell_alpha@email.com,$lL@`,196.50307.131.13,09:12:23 04-11-2023,False
tzivia_emma@email.com,6X4|$,196.12353.65.133,19:44:33 12-02-2022,False
ava_boruch@email.com,O@!n7[dBE,84.62798.78.188,08:13:58 20-06-2023,True
emanuel_ayla@email.com,12121989,45.34325.21.149,15:32:50 19-11-2021,True
chiara_yocheved@email.com,Vivian4&ver,41.44065.33.116,14:11:08 10-08-2023,True
emanuel_ayla@email.com,12121989,204.3354.26.117,15:37:15 27-11-2023,True
maxwell_alpha@email.com,$lL@`,202.16699.59.232,10:03:56 20-03-2022,True
julianna_ashly@email.com,1234,37.54194.178.181,20:14:55 09-12-2021,False
milana_syed@email.com,JSYED46,84.10158.174.235,10:45:39 29-10-2021,True
ezriel_alejandra@email.com,@dmin,27.32192.192.229,08:20:51 09-01-2020,True
carla_menachem@email.com,06121979,109.61133.205.12,10:53:03 07-07-2022,False
emanuel_ayla@email.com,12121989,207.11707.187.159,14:46:59 06-09-2023,True
denzel_sevyn@email.com,Denzel1950,188.42080.96.217,14:53:09 11-05-2020,True
chiara_yocheved@email.com,Vivian4&ver,204.3839.255.162,17:48:02 20-01-2020,True
ellis_lyric@email.com,&1YRIC12,146.56850.18.189,08:34:58 04-08-2021,False
carla_menachem@email.com,06121979,103.14241.161.200,20:41:12 04-07-2022,True
ezriel_alejandra@email.com,@dmin,194.15852.236.220,21:09:23 15-10-2023,False
tzivia_emma@email.com,6X4|$,137.21260.12.249,20:50:12 16-03-2021,True
sabrina_aubree@email.com,22101959,63.56241.177.71,21:13:56 24-02-2022,False
ava_boruch@email.com,O@!n7[dBE,90.16388.4.54,18:57:48 06-11-2021,True
gary_guadalupe@email.com,01041978,31.53604.100.146,12:34:26 13-07-2021,False
julianna_ashly@email.com,1234,210.29273.89.142,19:34:18 01-03-2019,True
tzivia_emma@email.com,6X4|$,31.6554.154.134,16:10:09 18-08-2021,True
julianna_ashly@email.com,1234,95.43256.248.29,19:30:31 27-05-2019,True
ellis_lyric@email.com,&1YRIC12,185.42144.160.222,09:09:35 05-03-2019,True
ava_boruch@email.com,O@!n7[dBE,45.24276.212.108,16:55:21 03-12-2019,False
tzivia_emma@email.com,6X4|$,103.32186.186.191,20:08:57 19-03-2023,True
diego_aleena@email.com,03091965,103.60271.111.100,15:04:19 24-06-2022,False
ellis_lyric@email.com,&1YRIC12,198.19779.67.247,08:53:32 20-11-2022,False
gary_guadalupe@email.com,01041978,185.41563.91.54,13:31:42 27-03-2023,True
chiara_yocheved@email.com,Vivian4&ver,185.50788.100.253,19:31:06 01-12-2021,True
chiara_yocheved@email.com,Vivian4&ver,185.23643.91.196,20:59:47 25-04-2021,True
milana_syed@email.com,JSYED46,190.31506.18.68,16:35:07 28-05-2020,False
julianna_ashly@email.com,1234,196.50784.96.160,20:06:01 19-06-2021,True
maxwell_alpha@email.com,$lL@`,41.56597.21.226,08:28:04 22-05-2023,True
michelle_abdiel@email.com,123456,195.60157.253.71,10:59:47 04-04-2020,False
ava_boruch@email.com,O@!n7[dBE,103.23682.130.249,09:48:48 14-12-2022,False
johnny_yariel@email.com,pas$w0rd,196.51086.142.1,10:47:40 23-03-2019,False
ellis_lyric@email.com,&1YRIC12,41.52216.248.110,17:29:47 14-07-2020,True
diego_aleena@email.com,03091965,190.23996.188.57,07:04:51 22-05-2022,False
zissy_ronan@email.com,"J}d,",190.27400.8.20,15:29:47 19-12-2023,False
maxwell_alpha@email.com,$lL@`,41.35560.232.180,09:56:20 29-03-2020,True
johnny_yariel@email.com,pas$w0rd,197.38315.171.66,10:27:48 10-06-2020,False
zissy_ronan@email.com,"J}d,",196.50816.128.1,08:34:46 13-04-2020,False
julianna_ashly@email.com,1234,103.5606.230.61,19:54:45 20-09-2023,True
julianna_ashly@email.com,1234,102.54191.175.211,19:52:32 06-07-2021,True
julianna_ashly@email.com,1234,185.15022.174.168,08:44:55 17-12-2023,True
maxwell_alpha@email.com,$lL@`,212.19733.21.176,11:23:16 12-07-2020,True
gary_guadalupe@email.com,01041978,51.22967.183.160,15:19:28 03-05-2023,False
chiara_yocheved@email.com,Vivian4&ver,202.31968.224.250,11:52:17 28-09-2019,True
nyla_jorge@email.com,/~=[1R.VC,103.24802.226.97,11:33:38 25-12-2019,True
lucien_anais@email.com,@^]#7>/'N,143.33.33.83,10:05:41 14-05-2023,True
milana_syed@email.com,JSYED46,196.50705.17.248,08:28:16 29-03-2019,True
michelle_abdiel@email.com,123456,190.27853.205.181,20:18:59 18-11-2020,True
ezriel_alejandra@email.com,@dmin,213.44934.134.104,13:07:03 24-08-2020,True
ava_boruch@email.com,O@!n7[dBE,193.56305.241.189,18:38:43 04-11-2019,True
ellis_lyric@email.com,&1YRIC12,193.27285.149.13,20:44:57 25-05-2019,True
carla_menachem@email.com,06121979,66.25044.212.135,09:14:11 12-01-2022,False
lucien_anais@email.com,@^]#7>/'N,208.7099.187.168,19:46:58 22-11-2021,False
lucien_anais@email.com,@^]#7>/'N,194.9147.187.186,15:21:33 25-09-2019,True
julianna_ashly@email.com,1234,188.1294.14.97,14:18:05 16-02-2019,False
denzel_sevyn@email.com,Denzel1950,185.58211.99.158,17:07:45 02-01-2019,True
maxwell_alpha@email.com,$lL@`,103.29894.198.17,07:21:11 14-09-2019,False
lucien_anais@email.com,@^]#7>/'N,197.55009.225.173,16:45:48 18-07-2021,True
denzel_sevyn@email.com,Denzel1950,200.8995.35.240,15:27:32 01-04-2021,True
milana_syed@email.com,JSYED46,154.4682.74.252,11:55:04 29-03-2021,False
johnny_yariel@email.com,pas$w0rd,212.7714.34.97,09:06:29 17-02-2022,False
sabrina_aubree@email.com,22101959,128.19739.27.9,09:40:51 15-10-2022,True
ezriel_alejandra@email.com,@dmin,27.32195.195.0,21:38:55 19-11-2021,True
lucien_anais@email.com,@^]#7>/'N,178.64421.165.64,15:03:04 09-01-2021,False
ellis_lyric@email.com,&1YRIC12,172.57942.86.222,13:05:47 18-03-2019,True
michelle_abdiel@email.com,123456,185.60365.205.152,09:37:53 02-05-2020,False
julianna_ashly@email.com,1234,45.59817.169.97,11:44:26 29-04-2022,True
ezriel_alejandra@email.com,@dmin,131.65320.40.88,14:30:43 29-07-2023,False
julianna_ashly@email.com,1234,144.55711.159.129,07:25:55 18-01-2019,True
julianna_ashly@email.com,1234,196.12365.77.63,15:40:40 11-10-2021,True
chiara_yocheved@email.com,Vivian4&ver,185.39647.223.138,12:37:39 08-07-2022,False
gary_guadalupe@email.com,01041978,83.35273.201.27,13:40:09 16-05-2021,True
johnny_yariel@email.com,pas$w0rd,66.21762.2.133,19:27:38 15-11-2020,False
lucien_anais@email.com,@^]#7>/'N,143.101.101.71,07:18:46 24-05-2020,True
ezriel_alejandra@email.com,@dmin,66.45607.39.155,08:22:31 02-06-2020,True
nyla_jorge@email.com,/~=[1R.VC,103.37827.195.188,08:17:10 11-01-2019,False
julianna_ashly@email.com,1234,213.4108.12.184,19:54:57 23-03-2021,True
sabrina_aubree@email.com,22101959,95.174.174.120,18:54:34 04-06-2022,True
maxwell_alpha@email.com,$lL@`,130.30127.175.238,12:18:32 25-02-2020,True
emanuel_xavier@email.com,<[vf%G/(;F,57.21090.98.56,21:50:20 26-11-2022,True
denzel_sevyn@email.com,Denzel1950,162.63262.30.155,11:56:43 21-08-2023,True
emanuel_ayla@email.com,12121989,45.47032.184.234,15:20:44 24-12-2020,True
julianna_ashly@email.com,1234,41.18805.117.195,12:19:30 12-04-2020,False
diego_aleena@email.com,03091965,103.41178.218.225,09:13:08 04-12-2019,True
lucien_anais@email.com,@^]#7>/'N,196.50865.177.221,07:31:24 25-03-2021,True
nyla_jorge@email.com,/~=[1R.VC,102.55139.99.156,16:14:47 16-10-2021,True
johnny_yariel@email.com,pas$w0rd,94.6682.26.18,15:03:04 03-03-2023,True
ava_boruch@email.com,O@!n7[dBE,154.145.145.51,09:05:00 29-04-2023,False
diego_aleena@email.com,03091965,185.58773.149.98,21:20:02 04-06-2022,False
ava_boruch@email.com,O@!n7[dBE,203.6249.105.230,14:45:35 24-08-2023,False
denzel_sevyn@email.com,Denzel1950,172.57632.32.240,18:52:51 22-08-2020,True
zissy_ronan@email.com,"J}d,",195.56193.129.242,19:19:20 15-12-2021,True
johnny_yariel@email.com,pas$w0rd,172.57858.2.141,10:33:52 06-04-2022,False
julianna_ashly@email.com,1234,197.40431.239.204,11:53:41 09-10-2022,False
zissy_ronan@email.com,"J}d,",172.57934.78.210,11:45:18 05-02-2023,True
emanuel_xavier@email.com,<[vf%G/(;F,45.35227.155.98,20:53:48 06-11-2020,True
diego_aleena@email.com,03091965,41.44824.24.8,14:20:40 04-11-2020,True
nyla_jorge@email.com,/~=[1R.VC,103.1989.197.167,11:09:06 02-12-2021,True
zissy_ronan@email.com,"J}d,",213.39496.72.30,08:18:39 27-07-2019,True
emanuel_ayla@email.com,12121989,196.444.188.183,14:02:03 24-04-2019,False
zissy_ronan@email.com,"J}d,",91.59134.254.31,10:36:48 01-11-2021,True
gary_guadalupe@email.com,01041978,190.15664.48.43,19:46:07 22-11-2022,True
gary_guadalupe@email.com,01041978,180.57042.210.250,11:25:32 10-07-2023,True
maxwell_alpha@email.com,$lL@`,102.34748.188.84,12:18:23 08-10-2023,False
chiara_yocheved@email.com,Vivian4&ver,185.52687.207.112,18:06:36 12-05-2023,True
lucien_anais@email.com,@^]#7>/'N,217.19318.118.228,21:12:37 28-10-2020,False
julianna_ashly@email.com,1234,205.55786.234.33,10:46:06 08-10-2022,True
michelle_abdiel@email.com,123456,44.41868.140.134,09:26:50 07-07-2020,True
carla_menachem@email.com,06121979,45.34953.137.232,08:16:22 17-11-2020,False
ava_boruch@email.com,O@!n7[dBE,172.5124.4.146,16:25:19 11-01-2019,True
diego_aleena@email.com,03091965,200.8912.208.254,11:34:42 01-02-2020,True
emanuel_ayla@email.com,12121989,91.23083.43.195,21:03:35 14-02-2022,True
zissy_ronan@email.com,"J}d,",196.14449.113.163,17:06:40 20-08-2022,False
milana_syed@email.com,JSYED46,65.46346.10.111,15:56:06 01-07-2019,False
carla_menachem@email.com,06121979,172.57739.139.7,19:00:32 02-06-2020,False
ellis_lyric@email.com,&1YRIC12,5.48263.135.77,18:04:30 20-02-2020,False
nyla_jorge@email.com,/~=[1R.VC,204.55702.150.102,07:16:30 29-01-2019,False
zissy_ronan@email.com,"J}d,",34.26619.251.34,12:16:02 17-06-2019,False
chiara_yocheved@email.com,Vivian4&ver,45.60374.214.39,16:19:25 07-08-2019,False
sabrina_aubree@email.com,22101959,103.9683.211.168,18:20:22 03-12-2020,True
nyla_jorge@email.com,/~=[1R.VC,196.50311.135.170,13:10:08 27-08-2023,True
emanuel_xavier@email.com,<[vf%G/(;F,57.21056.64.148,08:24:29 11-07-2020,True
maxwell_alpha@email.com,$lL@`,165.57802.202.12,13:40:41 29-12-2023,True
gary_guadalupe@email.com,01041978,90.2675.115.123,20:54:08 19-10-2022,True
nyla_jorge@email.com,/~=[1R.VC,63.62397.189.68,16:34:44 01-06-2022,False
emanuel_xavier@email.com,<[vf%G/(;F,138.9313.97.144,15:52:31 25-03-2021,True
milana_syed@email.com,JSYED46,170.21440.192.245,14:56:09 18-12-2019,True
ava_boruch@email.com,O@!n7[dBE,95.36447.95.187,09:17:19 17-10-2021,True
michelle_abdiel@email.com,123456,200.415.159.142,17:06:25 11-10-2021,False
zissy_ronan@email.com,"J}d,",204.3832.248.88,16:09:31 04-11-2023,True
lucien_anais@email.com,@^]#7>/'N,103.37892.4.141,20:02:47 12-07-2023,True
zissy_ronan@email.com,"J}d,",213.4121.25.183,21:56:30 19-05-2019,True
julianna_ashly@email.com,1234,160.46819.227.20,17:48:37 08-02-2020,False
emanuel_ayla@email.com,12121989,194.16020.148.118,13:38:51 22-02-2023,False
ava_boruch@email.com,O@!n7[dBE,202.1657.121.169,13:21:56 28-01-2023,False
ezriel_alejandra@email.com,@dmin,127.19411.211.15,20:02:36 16-02-2020,True
michelle_abdiel@email.com,123456,102.16485.101.235,12:08:07 04-05-2023,False
diego_aleena@email.com,03091965,44.41869.141.174,21:32:10 23-09-2023,True
denzel_sevyn@email.com,Denzel1950,102.56906.74.71,15:27:03 18-01-2023,True
denzel_sevyn@email.com,Denzel1950,159.38097.209.218,17:10:29 04-10-2022,True
carla_menachem@email.com,06121979,43.58886.6.178,17:20:07 28-10-2023,False
lucien_anais@email.com,@^]#7>/'N,20.52377.153.84,13:12:58 22-12-2023,True
ezriel_alejandra@email.com,@dmin,103.24660.84.56,12:25:24 10-11-2019,False
tzivia_emma@email.com,6X4|$,45.33483.203.39,13:10:18 29-02-2022,False
carla_menachem@email.com,06121979,194.28679.7.133,14:59:41 18-07-2020,True
maxwell_alpha@email.com,$lL@`,193.56475.155.23,09:11:19 05-03-2023,False
carla_menachem@email.com,06121979,41.44333.45.76,17:15:44 07-09-2021,False
michelle_abdiel@email.com,123456,209.50837.149.217,09:07:36 01-07-2020,True
ezriel_alejandra@email.com,@dmin,31.1559.23.5,17:51:15 27-12-2021,False
ellis_lyric@email.com,&1YRIC12,89.9611.139.221,16:29:05 27-02-2022,True
ezriel_alejandra@email.com,@dmin,41.52899.163.97,19:41:26 16-04-2019,True
carla_menachem@email.com,06121979,103.47860.244.187,12:43:06 04-07-2019,True
emanuel_ayla@email.com,12121989,103.4216.120.92,11:03:03 03-03-2022,True
ellis_lyric@email.com,&1YRIC12,217.6272.128.217,12:21:24 06-12-2022,True
milana_syed@email.com,JSYED46,217.50876.188.174,16:39:32 22-06-2020,True
gary_guadalupe@email.com,01041978,72.13136.80.70,19:02:51 09-10-2023,True
julianna_ashly@email.com,1234,185.59001.121.113,10:13:27 13-06-2020,True
carla_menachem@email.com,06121979,14.35104.32.152,13:18:23 27-03-2021,True
michelle_abdiel@email.com,123456,129.34439.135.203,08:00:14 21-05-2022,True
milana_syed@email.com,JSYED46,217.37747.115.9,18:13:05 29-09-2021,True
ezriel_alejandra@email.com,@dmin,45.24166.102.125,18:43:07 29-08-2023,True
emanuel_xavier@email.com,<[vf%G/(;F,130.42058.74.25,20:20:36 17-01-2021,True
julianna_ashly@email.com,1234,185.25345.1.17,17:38:58 18-02-2021,False
emanuel_ayla@email.com,12121989,196.55543.247.81,20:00:39 05-02-2020,True
johnny_yariel@email.com,pas$w0rd,160.5234.114.118,14:57:48 29-03-2022,True
tzivia_emma@email.com,6X4|$,82.29648.208.158,18:43:17 21-06-2023,True
diego_aleena@email.com,03091965,5.57554.210.151,15:20:41 08-11-2023,True
ellis_lyric@email.com,&1YRIC12,131.50368.192.8,20:54:06 24-09-2019,True
ava_boruch@email.com,O@!n7[dBE,80.19848.136.201,15:52:59 16-04-2019,False
lucien_anais@email.com,@^]#7>/'N,196.50998.54.215,18:49:08 03-07-2021,True
diego_aleena@email.com,03091965,27.32496.240.7,10:48:48 08-05-2020,True
chiara_yocheved@email.com,Vivian4&ver,178.64056.56.248,10:38:17 11-06-2022,False
ellis_lyric@email.com,&1YRIC12,194.25422.78.163,19:37:33 03-04-2021,True
michelle_abdiel@email.com,123456,154.51503.47.142,07:03:24 08-03-2020,False
emanuel_xavier@email.com,<[vf%G/(;F,188.61778.82.44,15:03:41 17-02-2019,False
tzivia_emma@email.com,6X4|$,145.60311.151.0,18:13:42 23-09-2019,True
carla_menachem@email.com,06121979,45.48986.90.5,10:51:49 14-03-2021,False
chiara_yocheved@email.com,Vivian4&ver,196.51128.184.96,20:20:51 26-06-2021,False
emanuel_ayla@email.com,12121989,146.19413.213.248,10:36:28 15-10-2020,True
ava_boruch@email.com,O@!n7[dBE,203.3321.249.72,10:33:56 16-12-2019,True
ava_boruch@email.com,O@!n7[dBE,93.29054.126.94,10:47:56 13-03-2021,True
maxwell_alpha@email.com,$lL@`,205.55805.253.41,17:17:57 15-08-2019,True
julianna_ashly@email.com,1234,196.13824.0.138,13:02:09 09-01-2020,False
ava_boruch@email.com,O@!n7[dBE,117.5152.32.237,17:54:45 27-07-2021,True
carla_menachem@email.com,06121979,194.15735.119.38,15:26:04 28-08-2023,True
chiara_yocheved@email.com,Vivian4&ver,196.10737.241.91,11:51:55 02-01-2020,True
emanuel_xavier@email.com,<[vf%G/(;F,178.54145.129.23,12:37:47 25-09-2023,True
emanuel_ayla@email.com,12121989,202.16701.61.5,10:19:25 21-05-2019,True
nyla_jorge@email.com,/~=[1R.VC,186.8203.11.84,21:25:40 05-11-2022,False
gary_guadalupe@email.com,01041978,91.57572.228.91,09:01:41 12-02-2023,False
diego_aleena@email.com,03091965,172.17891.227.85,11:50:33 11-08-2020,True
ellis_lyric@email.com,&1YRIC12,103.17453.45.142,17:43:21 21-09-2023,True
diego_aleena@email.com,03091965,200.465.209.164,13:39:55 02-01-2022,True
lucien_anais@email.com,@^]#7>/'N,186.48557.173.185,14:09:08 20-01-2019,False
tzivia_emma@email.com,6X4|$,203.4594.242.253,19:32:26 14-08-2022,True
tzivia_emma@email.com,6X4|$,135.23188.148.79,16:47:45 19-07-2021,True
michelle_abdiel@email.com,123456,213.39827.147.186,08:39:44 08-02-2023,True
julianna_ashly@email.com,1234,37.30973.253.223,07:23:06 08-08-2020,True
denzel_sevyn@email.com,Denzel1950,20.51602.146.244,08:12:33 26-08-2023,True
zissy_ronan@email.com,"J}d,",204.3435.107.118,14:12:25 02-09-2022,True
lucien_anais@email.com,@^]#7>/'N,46.55494.198.67,15:13:43 02-02-2020,True
chiara_yocheved@email.com,Vivian4&ver,172.57632.32.41,17:44:02 04-07-2020,True
diego_aleena@email.com,03091965,37.48061.189.68,16:32:03 11-06-2022,True
chiara_yocheved@email.com,Vivian4&ver,202.31968.224.252,07:55:43 16-08-2021,True
ava_boruch@email.com,O@!n7[dBE,123.27898.250.197,14:04:04 07-08-2021,True
julianna_ashly@email.com,1234,109.63497.9.27,20:25:13 03-03-2021,False
michelle_abdiel@email.com,123456,110.60961.33.87,20:22:21 10-09-2022,True
emanuel_xavier@email.com,<[vf%G/(;F,84.62042.90.254,12:58:55 12-05-2020,True
sabrina_aubree@email.com,22101959,193.21690.186.46,11:28:15 13-03-2023,False
carla_menachem@email.com,06121979,57.18085.165.34,14:52:08 18-11-2021,True
zissy_ronan@email.com,"J}d,",206.21293.45.19,19:16:18 13-12-2022,True
tzivia_emma@email.com,6X4|$,155.65121.97.252,21:00:30 09-08-2023,False
tzivia_emma@email.com,6X4|$,196.50737.49.180,09:34:55 21-05-2021,False
gary_guadalupe@email.com,01041978,91.48573.189.247,21:34:31 27-08-2021,True
tzivia_emma@email.com,6X4|$,196.11241.233.209,07:37:05 25-07-2021,False
sabrina_aubree@email.com,22101959,89.10411.171.91,11:17:47 02-09-2021,True
emanuel_xavier@email.com,<[vf%G/(;F,77.26899.19.183,13:23:10 14-09-2019,True
michelle_abdiel@email.com,123456,196.8409.217.101,13:04:34 22-10-2021,True
michelle_abdiel@email.com,123456,15.40608.160.125,16:50:26 02-06-2023,False
emanuel_ayla@email.com,12121989,190.29601.161.89,17:44:29 28-04-2019,True
nyla_jorge@email.com,/~=[1R.VC,102.57209.121.109,07:20:02 02-06-2022,True
ezriel_alejandra@email.com,@dmin,212.29551.111.127,19:23:39 03-10-2020,False
ava_boruch@email.com,O@!n7[dBE,63.62343.135.246,16:53:45 04-08-2021,True
ava_boruch@email.com,O@!n7[dBE,190.47431.71.16,17:06:26 12-05-2023,True
denzel_sevyn@email.com,Denzel1950,104.7197.29.110,21:19:37 23-03-2022,True
tzivia_emma@email.com,6X4|$,199.17602.194.61,10:51:11 03-11-2020,False
ellis_lyric@email.com,&1YRIC12,84.65184.160.7,16:07:33 22-07-2020,False
tzivia_emma@email.com,6X4|$,94.6765.109.79,16:37:44 22-11-2021,True
tzivia_emma@email.com,6X4|$,103.24262.198.58,07:38:24 12-07-2022,False
emanuel_ayla@email.com,12121989,154.18112.192.248,19:24:37 10-02-2022,True
johnny_yariel@email.com,pas$w0rd,195.48524.140.142,12:18:52 29-02-2020,True
denzel_sevyn@email.com,Denzel1950,196.50504.72.6,07:12:10 25-09-2023,False
emanuel_ayla@email.com,12121989,104.29443.3.28,18:03:31 21-08-2023,True
ellis_lyric@email.com,&1YRIC12,5.46789.197.38,16:08:37 11-04-2023,False
julianna_ashly@email.com,1234,199.48946.50.37,11:30:14 29-11-2020,True
diego_aleena@email.com,03091965,196.61615.175.207,13:25:51 11-04-2021,True
chiara_yocheved@email.com,Vivian4&ver,196.12554.10.53,20:00:33 14-01-2019,True
gary_guadalupe@email.com,01041978,135.33141.117.233,08:09:30 28-03-2020,True
denzel_sevyn@email.com,Denzel1950,91.34646.86.176,08:54:01 05-04-2022,True
carla_menachem@email.com,06121979,103.2530.226.85,18:45:33 10-05-2019,False
nyla_jorge@email.com,/~=[1R.VC,5.10962.210.45,19:11:20 14-07-2019,True
zissy_ronan@email.com,"J}d,",196.14492.156.255,19:29:27 02-09-2021,False
lucien_anais@email.com,@^]#7>/'N,193.41854.126.8,11:52:58 11-11-2020,True
lucien_anais@email.com,@^]#7>/'N,82.51134.190.1,18:34:57 29-04-2023,True
chiara_yocheved@email.com,Vivian4&ver,196.57333.245.45,15:40:33 15-04-2019,False
nyla_jorge@email.com,/~=[1R.VC,91.53361.113.141,07:07:38 26-06-2022,True
diego_aleena@email.com,03091965,84.65174.150.231,16:33:45 20-08-2023,True
nyla_jorge@email.com,/~=[1R.VC,38.4511.159.113,13:52:52 21-04-2023,True
ava_boruch@email.com,O@!n7[dBE,103.57440.96.50,13:49:27 17-08-2023,True
ezriel_alejandra@email.com,@dmin,102.56047.239.148,21:20:03 04-07-2022,True
julianna_ashly@email.com,1234,206.41437.221.164,12:17:19 20-11-2023,False
ellis_lyric@email.com,&1YRIC12,196.12477.189.155,14:54:43 13-12-2023,False
lucien_anais@email.com,@^]#7>/'N,91.59627.235.88,20:38:00 03-04-2022,True
michelle_abdiel@email.com,123456,195.59990.86.119,18:42:39 04-03-2023,True
milana_syed@email.com,JSYED46,164.40971.11.197,07:31:25 03-02-2019,True
ava_boruch@email.com,O@!n7[dBE,135.33137.113.48,18:43:51 04-05-2020,True
maxwell_alpha@email.com,$lL@`,57.21119.127.150,11:09:26 02-01-2020,True
milana_syed@email.com,JSYED46,200.29563.123.99,18:03:12 16-08-2022,False
maxwell_alpha@email.com,$lL@`,202.11377.113.163,18:58:39 06-03-2022,False
denzel_sevyn@email.com,Denzel1950,61.1501.221.137,21:04:53 03-03-2019,True
ava_boruch@email.com,O@!n7[dBE,213.38568.168.194,14:57:26 14-07-2022,True
emanuel_ayla@email.com,12121989,178.43667.147.2,14:02:30 15-10-2023,True
milana_syed@email.com,JSYED46,199.22442.170.63,08:53:06 16-10-2023,True
ezriel_alejandra@email.com,@dmin,51.56894.62.136,17:39:08 22-11-2021,True
carla_menachem@email.com,06121979,102.56337.17.246,08:42:36 26-06-2023,False
ezriel_alejandra@email.com,@dmin,213.64256.0.8,11:04:17 06-10-2021,True
julianna_ashly@email.com,1234,196.64498.242.49,14:50:05 22-10-2020,True
emanuel_ayla@email.com,12121989,41.57004.172.170,19:38:28 25-01-2019,False
carla_menachem@email.com,06121979,94.20296.72.79,15:20:04 24-08-2020,False
michelle_abdiel@email.com,123456,190.32102.102.168,12:53:48 11-06-2020,False
ellis_lyric@email.com,&1YRIC12,148.17022.126.123,21:51:01 19-06-2022,True
michelle_abdiel@email.com,123456,157.42812.60.7,12:36:28 02-09-2020,True
tzivia_emma@email.com,6X4|$,27.32192.192.113,17:05:37 14-02-2023,True
denzel_sevyn@email.com,Denzel1950,41.20211.243.65,17:05:20 15-11-2021,True
diego_aleena@email.com,03091965,190.1068.44.221,15:41:12 28-12-2022,False
milana_syed@email.com,JSYED46,139.26847.223.211,09:14:06 09-01-2019,True
michelle_abdiel@email.com,123456,91.55138.98.114,09:16:42 11-10-2020,False
nyla_jorge@email.com,/~=[1R.VC,196.50783.95.91,13:32:20 13-04-2023,False
gary_guadalupe@email.com,01041978,216.1630.94.146,11:33:36 14-03-2020,True
sabrina_aubree@email.com,22101959,103.1499.219.85,15:43:02 10-04-2020,True
tzivia_emma@email.com,6X4|$,89.9756.28.61,16:36:02 02-02-2019,True
emanuel_ayla@email.com,12121989,93.23910.102.9,19:11:32 07-11-2019,True
denzel_sevyn@email.com,Denzel1950,103.52518.38.151,14:15:47 08-02-2022,False
zissy_ronan@email.com,"J}d,",188.41984.0.7,10:04:00 19-08-2023,True
denzel_sevyn@email.com,Denzel1950,102.33906.114.101,21:26:36 24-10-2023,False
michelle_abdiel@email.com,123456,201.56333.13.29,20:01:40 27-06-2021,True
zissy_ronan@email.com,"J}d,",37.18584.152.68,10:10:16 03-10-2021,True
milana_syed@email.com,JSYED46,196.50491.59.11,18:44:38 11-08-2021,True
lucien_anais@email.com,@^]#7>/'N,103.37735.103.200,17:20:23 19-11-2023,True
denzel_sevyn@email.com,Denzel1950,190.46369.33.173,19:46:57 11-04-2021,True
ezriel_alejandra@email.com,@dmin,197.64775.7.40,13:51:49 08-08-2022,True
denzel_sevyn@email.com,Denzel1950,102.34789.229.165,20:28:45 26-01-2023,True
zissy_ronan@email.com,"J}d,",212.4530.178.205,12:29:35 02-03-2023,False
zissy_ronan@email.com,"J}d,",130.11.11.94,16:38:41 12-01-2023,False
ezriel_alejandra@email.com,@dmin,103.1098.74.160,09:10:34 10-06-2023,True
ezriel_alejandra@email.com,@dmin,204.3839.255.83,16:07:52 25-07-2019,True
emanuel_ayla@email.com,12121989,98.40558.110.157,12:55:23 26-12-2022,True
emanuel_ayla@email.com,12121989,196.50776.88.168,21:53:10 24-05-2019,False
maxwell_alpha@email.com,$lL@`,103.602.90.16,19:01:12 07-09-2023,True
sabrina_aubree@email.com,22101959,103.33086.62.222,08:39:45 24-11-2020,False
nyla_jorge@email.com,/~=[1R.VC,103.45075.19.178,11:03:37 07-09-2021,True
nyla_jorge@email.com,/~=[1R.VC,192.62269.61.59,19:39:24 13-10-2020,False
johnny_yariel@email.com,pas$w0rd,44.41869.141.137,21:40:50 20-05-2021,True
chiara_yocheved@email.com,Vivian4&ver,194.938.170.243,07:28:12 14-05-2021,True
emanuel_xavier@email.com,<[vf%G/(;F,185.6176.32.8,08:16:45 06-08-2019,False
lucien_anais@email.com,@^]#7>/'N,186.24815.239.93,18:32:06 26-01-2019,True
diego_aleena@email.com,03091965,63.56241.177.174,17:20:56 27-01-2022,True
julianna_ashly@email.com,1234,105.45301.245.216,13:45:58 24-05-2023,False
tzivia_emma@email.com,6X4|$,66.59063.183.189,15:50:06 21-12-2019,True
maxwell_alpha@email.com,$lL@`,91.53122.130.238,07:53:43 19-04-2019,True
sabrina_aubree@email.com,22101959,202.630.118.171,15:47:52 14-01-2019,False
tzivia_emma@email.com,6X4|$,14.324.68.201,19:21:31 11-07-2019,False
gary_guadalupe@email.com,01041978,193.11110.102.11,12:57:58 27-01-2020,True
sabrina_aubree@email.com,22101959,41.62068.116.5,16:12:52 10-01-2022,False
johnny_yariel@email.com,pas$w0rd,172.57793.193.250,11:07:56 12-01-2021,False
nyla_jorge@email.com,/~=[1R.VC,156.9738.10.186,19:08:19 12-07-2020,True
michelle_abdiel@email.com,123456,62.51326.126.106,07:07:56 14-04-2019,True
tzivia_emma@email.com,6X4|$,196.14410.74.75,17:08:42 08-05-2019,True
julianna_ashly@email.com,1234,196.14421.85.74,14:38:40 04-11-2022,True
emanuel_xavier@email.com,<[vf%G/(;F,157.42876.124.67,19:32:54 03-04-2021,True
ellis_lyric@email.com,&1YRIC12,102.54910.126.152,12:04:26 06-11-2021,False
johnny_yariel@email.com,pas$w0rd,80.59143.7.79,10:21:02 14-07-2019,True
diego_aleena@email.com,03091965,45.24367.47.193,18:14:25 25-07-2020,False
nyla_jorge@email.com,/~=[1R.VC,146.18090.170.38,21:38:42 12-11-2020,True
emanuel_ayla@email.com,12121989,196.12605.61.204,15:53:04 04-04-2019,True
emanuel_xavier@email.com,<[vf%G/(;F,94.26289.177.120,08:00:32 09-11-2021,True
chiara_yocheved@email.com,Vivian4&ver,200.8259.67.129,19:47:29 29-08-2022,True
lucien_anais@email.com,@^]#7>/'N,57.21157.165.166,17:31:55 19-04-2021,True
denzel_sevyn@email.com,Denzel1950,194.42343.103.111,17:01:42 26-07-2023,False
julianna_ashly@email.com,1234,190.28385.225.71,08:38:04 26-10-2020,True
nyla_jorge@email.com,/~=[1R.VC,2.14899.51.152,21:14:08 08-05-2023,True
milana_syed@email.com,JSYED46,78.35380.52.245,15:47:24 08-01-2019,True
denzel_sevyn@email.com,Denzel1950,52.21976.216.115,16:05:12 21-01-2022,True
julianna_ashly@email.com,1234,172.57578.234.122,21:04:29 14-01-2019,True
tzivia_emma@email.com,6X4|$,69.24152.88.142,08:52:26 16-05-2020,True
denzel_sevyn@email.com,Denzel1950,14.324.68.2,07:21:23 14-07-2020,False
emanuel_xavier@email.com,<[vf%G/(;F,45.57313.225.145,14:12:12 22-04-2020,True
johnny_yariel@email.com,pas$w0rd,118.26505.137.95,11:22:42 01-03-2022,False
ellis_lyric@email.com,&1YRIC12,46.25494.150.62,10:06:08 27-10-2019,False
nyla_jorge@email.com,/~=[1R.VC,196.50858.170.45,16:29:40 06-06-2019,True
lucien_anais@email.com,@^]#7>/'N,109.52513.33.142,10:26:06 16-10-2023,True
nyla_jorge@email.com,/~=[1R.VC,67.53868.108.219,20:17:22 18-08-2023,True
johnny_yariel@email.com,pas$w0rd,89.53187.195.24,16:43:54 24-09-2023,False
ezriel_alejandra@email.com,@dmin,185.7043.131.59,11:30:02 21-08-2020,True
ezriel_alejandra@email.com,@dmin,103.56281.217.158,08:38:35 10-11-2021,False
maxwell_alpha@email.com,$lL@`,202.10987.235.134,11:42:49 06-11-2022,True
denzel_sevyn@email.com,Denzel1950,57.18840.152.91,07:53:27 23-06-2022,True
nyla_jorge@email.com,/~=[1R.VC,65.46366.30.125,17:07:26 24-02-2021,False
zissy_ronan@email.com,"J}d,",45.3749.165.244,08:20:47 09-07-2021,False
carla_menachem@email.com,06121979,41.56951.119.52,19:18:51 03-10-2019,True
diego_aleena@email.com,03091965,62.59693.45.98,19:41:19 25-12-2021,True
chiara_yocheved@email.com,Vivian4&ver,217.44524.236.77,21:00:05 26-02-2019,True
carla_menachem@email.com,06121979,102.54354.82.43,11:27:47 22-08-2020,True
diego_aleena@email.com,03091965,213.15874.2.197,09:04:07 24-10-2021,False
tzivia_emma@email.com,6X4|$,144.45372.60.172,14:19:42 25-07-2020,True
ava_boruch@email.com,O@!n7[dBE,196.50767.79.156,09:52:26 02-02-2022,True
carla_menachem@email.com,06121979,155.65121.97.18,12:58:35 19-10-2019,True
emanuel_ayla@email.com,12121989,190.252.252.219,12:38:24 19-06-2022,True
julianna_ashly@email.com,1234,196.12339.51.28,17:12:49 03-09-2022,True
lucien_anais@email.com,@^]#7>/'N,154.31760.16.29,07:53:28 16-10-2023,False
sabrina_aubree@email.com,22101959,103.38887.231.87,19:46:27 04-10-2021,True
milana_syed@email.com,JSYED46,168.31061.85.178,21:52:54 11-02-2023,False
emanuel_ayla@email.com,12121989,65.46366.30.186,18:03:47 13-05-2020,False
johnny_yariel@email.com,pas$w0rd,196.50783.95.218,20:35:26 25-11-2019,False
tzivia_emma@email.com,6X4|$,193.27187.51.100,07:25:53 17-11-2021,True
nyla_jorge@email.com,/~=[1R.VC,154.18714.26.61,14:06:37 11-05-2019,True
emanuel_xavier@email.com,<[vf%G/(;F,65.46602.10.24,20:32:42 27-11-2022,False
carla_menachem@email.com,06121979,168.31062.86.89,16:58:03 24-11-2020,False
carla_menachem@email.com,06121979,196.50853.165.253,08:06:29 07-10-2019,True
ava_boruch@email.com,O@!n7[dBE,131.18659.227.213,08:17:41 09-06-2023,False
milana_syed@email.com,JSYED46,176.14643.51.214,07:42:31 15-02-2022,False
zissy_ronan@email.com,"J}d,",190.46357.21.242,21:40:47 06-12-2022,True
lucien_anais@email.com,@^]#7>/'N,103.18233.57.206,09:19:06 17-03-2019,True
ava_boruch@email.com,O@!n7[dBE,192.36220.124.126,19:38:56 09-05-2022,True
lucien_anais@email.com,@^]#7>/'N,159.38052.164.171,12:22:21 29-12-2023,False
chiara_yocheved@email.com,Vivian4&ver,146.19413.213.59,19:06:56 06-12-2021,True
tzivia_emma@email.com,6X4|$,196.51118.174.166,15:13:22 11-12-2020,True
emanuel_ayla@email.com,12121989,163.13814.246.161,20:33:59 09-10-2019,True
tzivia_emma@email.com,6X4|$,197.38331.187.92,08:43:32 27-10-2021,True
ava_boruch@email.com,O@!n7[dBE,41.16237.109.122,09:42:26 27-11-2020,True
ezriel_alejandra@email.com,@dmin,202.37062.198.156,13:07:31 25-06-2019,True
tzivia_emma@email.com,6X4|$,162.63453.221.172,21:27:45 10-05-2022,False
julianna_ashly@email.com,1234,194.3115.43.74,07:07:35 07-03-2022,False
ezriel_alejandra@email.com,@dmin,196.50633.201.31,11:32:34 08-05-2022,True
johnny_yariel@email.com,pas$w0rd,154.50457.25.154,14:28:13 21-05-2021,True
zissy_ronan@email.com,"J}d,",91.54280.8.254,15:16:59 13-02-2021,True
chiara_yocheved@email.com,Vivian4&ver,41.19118.174.111,07:45:05 24-11-2020,True
emanuel_ayla@email.com,12121989,82.52662.182.179,10:40:41 01-11-2023,True
gary_guadalupe@email.com,01041978,202.10939.187.190,14:44:11 08-09-2020,True
julianna_ashly@email.com,1234,27.24601.25.143,14:38:47 06-07-2022,True
carla_menachem@email.com,06121979,196.50511.79.255,19:09:27 13-07-2021,False
ezriel_alejandra@email.com,@dmin,80.2267.219.242,20:37:21 24-09-2019,True
diego_aleena@email.com,03091965,82.46226.146.225,15:07:10 10-06-2019,False
zissy_ronan@email.com,"J}d,",38.31696.208.176,17:45:17 27-03-2022,True
johnny_yariel@email.com,pas$w0rd,103.58947.67.161,19:26:24 10-10-2022,True
zissy_ronan@email.com,"J}d,",14.324.68.153,10:18:32 10-08-2021,False
zissy_ronan@email.com,"J}d,",210.1796.4.156,14:32:33 09-08-2019,True
ellis_lyric@email.com,&1YRIC12,109.63396.164.123,11:12:29 22-04-2019,True
nyla_jorge@email.com,/~=[1R.VC,45.60514.98.244,21:29:00 23-01-2020,True
diego_aleena@email.com,03091965,212.24600.24.61,21:37:38 16-09-2019,True
diego_aleena@email.com,03091965,156.247.247.134,19:03:09 13-07-2022,True
sabrina_aubree@email.com,22101959,23.35112.40.44,17:48:55 21-09-2019,False
michelle_abdiel@email.com,123456,147.54374.102.55,21:33:52 01-10-2023,True
lucien_anais@email.com,@^]#7>/'N,103.39275.107.91,20:47:57 12-06-2020,True
lucien_anais@email.com,@^]#7>/'N,172.24914.82.209,13:47:58 22-11-2022,True
lucien_anais@email.com,@^]#7>/'N,23.2467.163.212,13:16:26 25-12-2020,False
ava_boruch@email.com,O@!n7[dBE,91.53680.176.162,16:24:36 08-07-2019,True
diego_aleena@email.com,03091965,213.48312.184.96,09:12:14 27-01-2023,True
johnny_yariel@email.com,pas$w0rd,102.55717.165.157,17:47:31 27-05-2020,False
nyla_jorge@email.com,/~=[1R.VC,92.16088.216.210,07:33:07 19-12-2020,True
lucien_anais@email.com,@^]#7>/'N,192.24713.137.144,16:00:32 14-05-2020,True
maxwell_alpha@email.com,$lL@`,197.59265.129.224,17:31:21 14-10-2021,True
sabrina_aubree@email.com,22101959,65.46366.30.37,07:51:47 10-10-2019,False
denzel_sevyn@email.com,Denzel1950,23.2362.58.45,13:51:04 13-04-2021,True
chiara_yocheved@email.com,Vivian4&ver,209.15171.67.111,17:34:38 28-04-2021,True
carla_menachem@email.com,06121979,130.45242.186.84,14:49:33 03-09-2021,True
ezriel_alejandra@email.com,@dmin,45.54855.71.38,14:00:21 14-01-2023,True
diego_aleena@email.com,03091965,57.21560.56.142,07:17:07 17-06-2022,False
tzivia_emma@email.com,6X4|$,201.11890.114.60,12:06:35 16-12-2021,False
julianna_ashly@email.com,1234,199.18749.61.77,19:20:52 27-05-2019,False
lucien_anais@email.com,@^]#7>/'N,41.19783.71.244,14:24:43 10-05-2021,True
gary_guadalupe@email.com,01041978,185.36735.127.229,20:17:04 18-07-2023,True
ellis_lyric@email.com,&1YRIC12,203.24518.198.164,10:08:10 01-05-2020,True
maxwell_alpha@email.com,$lL@`,38.25461.117.240,09:32:27 26-11-2020,False
tzivia_emma@email.com,6X4|$,172.17663.255.56,17:09:16 08-05-2023,True
julianna_ashly@email.com,1234,185.23643.91.159,20:21:47 08-08-2021,True
milana_syed@email.com,JSYED46,103.1989.197.71,19:44:58 10-11-2020,True
ava_boruch@email.com,O@!n7[dBE,185.49159.7.229,17:11:29 23-11-2022,False
nyla_jorge@email.com,/~=[1R.VC,213.26038.182.184,14:46:23 24-11-2023,True
maxwell_alpha@email.com,$lL@`,38.63480.248.47,21:54:08 17-11-2020,True
emanuel_xavier@email.com,<[vf%G/(;F,64.22039.23.120,12:28:19 12-07-2020,True
milana_syed@email.com,JSYED46,40.24149.85.125,21:52:29 12-03-2019,True
ezriel_alejandra@email.com,@dmin,209.44071.39.188,11:19:56 13-03-2021,False
emanuel_ayla@email.com,12121989,46.58231.119.37,10:54:22 12-12-2019,True
zissy_ronan@email.com,"J}d,",43.64525.13.173,07:33:08 28-06-2023,False
ezriel_alejandra@email.com,@dmin,213.51990.22.158,21:36:07 15-06-2022,True
chiara_yocheved@email.com,Vivian4&ver,185.47089.241.40,10:50:27 15-07-2019,False
ellis_lyric@email.com,&1YRIC12,103.46563.227.253,21:40:47 04-09-2021,True
lucien_anais@email.com,@^]#7>/'N,193.14848.0.53,20:26:03 05-02-2021,True
chiara_yocheved@email.com,Vivian4&ver,41.22204.188.56,08:05:17 04-09-2021,True
tzivia_emma@email.com,6X4|$,14.324.68.19,16:41:00 22-03-2021,False
chiara_yocheved@email.com,Vivian4&ver,198.532.20.143,07:04:13 21-04-2022,False
ellis_lyric@email.com,&1YRIC12,65.46366.30.196,13:11:31 19-04-2023,False
emanuel_xavier@email.com,<[vf%G/(;F,206.59840.192.121,09:07:42 19-11-2019,False
chiara_yocheved@email.com,Vivian4&ver,54.9850.122.64,18:05:38 01-04-2021,False
michelle_abdiel@email.com,123456,89.7787.107.39,14:11:34 06-07-2021,True
michelle_abdiel@email.com,123456,144.53476.228.80,18:17:12 08-09-2023,False
sabrina_aubree@email.com,22101959,23.47728.112.195,08:14:44 01-05-2023,True
ava_boruch@email.com,O@!n7[dBE,66.13945.121.28,07:48:49 04-10-2023,True
chiara_yocheved@email.com,Vivian4&ver,45.34953.137.185,19:16:56 18-07-2023,True
johnny_yariel@email.com,pas$w0rd,185.18820.132.222,21:12:11 27-04-2022,False
lucien_anais@email.com,@^]#7>/'N,207.52339.115.210,13:20:25 19-08-2023,True
zissy_ronan@email.com,"J}d,",196.50530.98.63,08:52:02 25-09-2023,False
emanuel_xavier@email.com,<[vf%G/(;F,65.12428.140.220,12:12:56 03-09-2021,True
sabrina_aubree@email.com,22101959,45.37898.10.52,10:33:15 20-10-2019,True
emanuel_xavier@email.com,<[vf%G/(;F,116.54322.50.195,16:42:58 13-08-2022,False
michelle_abdiel@email.com,123456,196.50897.209.201,16:40:55 02-09-2019,True
michelle_abdiel@email.com,123456,203.4595.243.65,10:52:49 13-04-2021,False
nyla_jorge@email.com,/~=[1R.VC,208.24235.171.144,08:35:43 24-10-2019,True
johnny_yariel@email.com,pas$w0rd,172.57841.241.103,19:23:54 29-07-2023,True
denzel_sevyn@email.com,Denzel1950,202.44891.91.234,13:41:14 10-06-2020,True
diego_aleena@email.com,03091965,104.62926.206.198,18:27:06 20-04-2019,True
maxwell_alpha@email.com,$lL@`,192.38609.209.253,18:19:01 28-10-2023,False
zissy_ronan@email.com,"J}d,",186.24786.210.106,18:29:23 06-12-2022,True
ezriel_alejandra@email.com,@dmin,69.23158.118.71,14:56:45 25-01-2022,True
julianna_ashly@email.com,1234,196.14420.84.135,14:57:58 04-02-2019,False
lucien_anais@email.com,@^]#7>/'N,181.54811.27.111,11:22:43 05-07-2023,True
milana_syed@email.com,JSYED46,91.55484.188.47,21:17:24 03-03-2019,True
emanuel_ayla@email.com,12121989,91.55988.180.68,10:23:49 25-07-2021,False
lucien_anais@email.com,@^]#7>/'N,196.14449.113.141,19:42:19 16-11-2019,False
nyla_jorge@email.com,/~=[1R.VC,203.14737.145.125,17:10:34 29-12-2020,False
gary_guadalupe@email.com,01041978,186.24615.39.226,19:06:35 01-02-2023,True
nyla_jorge@email.com,/~=[1R.VC,146.50243.67.178,18:12:21 22-09-2021,False
sabrina_aubree@email.com,22101959,45.56583.7.175,08:01:38 21-06-2023,True
zissy_ronan@email.com,"J}d,",147.7194.26.38,18:26:06 12-11-2021,True
denzel_sevyn@email.com,Denzel1950,76.19618.162.137,11:37:06 15-05-2023,False
ellis_lyric@email.com,&1YRIC12,206.13757.189.218,21:34:15 05-02-2021,True
milana_syed@email.com,JSYED46,66.45665.97.0,12:15:25 26-07-2020,False
diego_aleena@email.com,03091965,217.29354.170.62,19:09:49 16-12-2020,True
ellis_lyric@email.com,&1YRIC12,196.51067.123.77,18:21:53 20-05-2022,False
ava_boruch@email.com,O@!n7[dBE,41.22457.185.193,17:56:05 10-03-2023,True
chiara_yocheved@email.com,Vivian4&ver,172.57663.63.63,07:59:08 24-11-2020,False
ezriel_alejandra@email.com,@dmin,198.24733.157.213,21:41:46 28-10-2023,True
maxwell_alpha@email.com,$lL@`,66.29969.17.79,07:23:16 12-01-2020,True
emanuel_xavier@email.com,<[vf%G/(;F,41.19689.233.28,14:55:16 03-01-2022,True
chiara_yocheved@email.com,Vivian4&ver,181.57827.227.37,09:38:31 15-12-2019,False
milana_syed@email.com,JSYED46,45.65271.247.189,15:13:45 19-07-2021,True
tzivia_emma@email.com,6X4|$,203.6251.107.231,08:25:19 06-02-2020,True
emanuel_ayla@email.com,12121989,212.19720.8.157,08:50:20 15-08-2021,True
ezriel_alejandra@email.com,@dmin,41.15531.171.232,17:57:05 14-01-2020,True
diego_aleena@email.com,03091965,165.21777.17.16,12:21:39 06-10-2021,False
johnny_yariel@email.com,pas$w0rd,196.14430.94.206,08:01:10 19-11-2020,False
ezriel_alejandra@email.com,@dmin,176.24802.226.225,10:03:09 10-01-2020,True
denzel_sevyn@email.com,Denzel1950,202.48996.100.154,17:18:53 01-04-2020,True
gary_guadalupe@email.com,01041978,41.48888.248.152,07:46:23 22-10-2023,True
julianna_ashly@email.com,1234,203.4592.240.160,10:02:10 06-02-2022,True
lucien_anais@email.com,@^]#7>/'N,23.47728.112.163,09:43:34 19-04-2023,True
diego_aleena@email.com,03091965,103.48587.203.172,18:28:47 21-09-2019,True
johnny_yariel@email.com,pas$w0rd,197.40026.90.46,16:02:45 18-02-2022,True
johnny_yariel@email.com,pas$w0rd,185.50734.46.118,19:28:58 09-03-2023,True
ava_boruch@email.com,O@!n7[dBE,210.22871.87.5,14:42:09 29-06-2019,True
chiara_yocheved@email.com,Vivian4&ver,103.13144.88.14,07:56:08 09-05-2020,True
zissy_ronan@email.com,"J}d,",87.60878.206.199,16:09:07 02-03-2022,False
johnny_yariel@email.com,pas$w0rd,185.6176.32.0,15:16:35 25-09-2023,True
ava_boruch@email.com,O@!n7[dBE,178.65195.171.253,21:24:43 21-04-2019,False
emanuel_ayla@email.com,12121989,103.35160.88.45,21:50:50 07-03-2022,True
johnny_yariel@email.com,pas$w0rd,95.53816.56.9,08:09:35 29-10-2020,True
ezriel_alejandra@email.com,@dmin,45.34953.137.196,11:35:14 05-06-2021,True
zissy_ronan@email.com,"J}d,",65.46366.30.57,11:11:12 14-11-2021,False
tzivia_emma@email.com,6X4|$,103.57784.184.177,21:25:40 07-08-2019,True
emanuel_xavier@email.com,<[vf%G/(;F,196.50491.59.234,08:28:44 04-06-2020,False
ellis_lyric@email.com,&1YRIC12,202.24024.216.167,07:06:18 05-07-2020,True
tzivia_emma@email.com,6X4|$,104.7404.236.193,17:28:38 05-12-2020,True
johnny_yariel@email.com,pas$w0rd,102.33091.67.70,09:46:48 17-04-2019,False
johnny_yariel@email.com,pas$w0rd,92.13368.56.37,14:09:40 09-07-2021,True
michelle_abdiel@email.com,123456,51.45571.3.18,13:05:56 20-10-2021,False
johnny_yariel@email.com,pas$w0rd,202.11379.115.2,11:41:54 26-08-2020,True
tzivia_emma@email.com,6X4|$,197.59950.46.27,20:14:58 26-06-2020,False
emanuel_ayla@email.com,12121989,157.42876.124.226,20:55:35 19-11-2020,False
ellis_lyric@email.com,&1YRIC12,185.43487.223.228,21:58:28 21-08-2020,False
julianna_ashly@email.com,1234,208.49833.169.123,16:13:49 19-05-2021,True
ava_boruch@email.com,O@!n7[dBE,200.27478.86.111,19:15:37 16-04-2023,True
emanuel_xavier@email.com,<[vf%G/(;F,69.14826.234.38,10:00:17 28-08-2020,False
julianna_ashly@email.com,1234,45.35415.87.37,20:23:49 15-02-2023,True
emanuel_ayla@email.com,12121989,208.43335.71.152,07:16:23 04-06-2023,False
carla_menachem@email.com,06121979,27.28035.131.63,21:36:51 12-06-2019,True
ezriel_alejandra@email.com,@dmin,181.51142.198.15,10:05:28 05-10-2022,True
nyla_jorge@email.com,/~=[1R.VC,196.51607.151.173,17:09:04 08-01-2020,True
sabrina_aubree@email.com,22101959,41.53749.245.171,20:25:09 09-06-2019,False
lucien_anais@email.com,@^]#7>/'N,69.14833.241.121,12:17:31 15-12-2020,True
zissy_ronan@email.com,"J}d,",172.17891.227.13,17:06:28 09-03-2020,True
michelle_abdiel@email.com,123456,213.39827.147.7,09:24:18 20-09-2020,True
chiara_yocheved@email.com,Vivian4&ver,103.35851.11.206,12:30:53 10-12-2020,True
ava_boruch@email.com,O@!n7[dBE,195.32902.134.15,19:55:06 17-07-2020,True
denzel_sevyn@email.com,Denzel1950,103.31603.115.251,16:52:52 20-09-2022,False
maxwell_alpha@email.com,$lL@`,57.18102.182.217,09:53:11 21-02-2021,True
maxwell_alpha@email.com,$lL@`,209.22631.103.107,16:06:34 21-10-2020,True
tzivia_emma@email.com,6X4|$,65.46366.30.183,12:40:42 29-06-2023,False
nyla_jorge@email.com,/~=[1R.VC,66.29979.27.40,09:05:56 12-09-2019,False
tzivia_emma@email.com,6X4|$,45.43841.65.122,17:20:42 15-08-2023,False
chiara_yocheved@email.com,Vivian4&ver,196.14506.170.79,16:19:51 01-04-2023,True
ava_boruch@email.com,O@!n7[dBE,103.20374.150.249,08:21:27 27-01-2021,True
ellis_lyric@email.com,&1YRIC12,43.63210.234.33,10:23:09 13-10-2022,False
chiara_yocheved@email.com,Vivian4&ver,213.5071.207.33,11:02:20 24-05-2019,False
diego_aleena@email.com,03091965,66.63901.157.11,21:18:08 18-04-2023,True
michelle_abdiel@email.com,123456,138.31074.98.150,19:10:41 24-06-2022,True
tzivia_emma@email.com,6X4|$,186.11459.195.144,11:05:38 11-09-2023,True
johnny_yariel@email.com,pas$w0rd,168.23196.156.134,17:25:29 15-11-2023,True
michelle_abdiel@email.com,123456,103.13746.178.63,09:22:43 06-12-2021,True
carla_menachem@email.com,06121979,77.24102.38.96,09:18:46 02-12-2019,False
gary_guadalupe@email.com,01041978,103.1449.169.35,12:25:35 02-11-2021,True
chiara_yocheved@email.com,Vivian4&ver,93.49088.192.236,16:04:17 29-02-2020,True
ezriel_alejandra@email.com,@dmin,46.57884.28.58,09:28:02 24-05-2022,False
nyla_jorge@email.com,/~=[1R.VC,81.23326.30.69,11:53:20 17-05-2021,False
michelle_abdiel@email.com,123456,193.47654.38.108,14:25:10 26-01-2023,True
diego_aleena@email.com,03091965,43.58748.124.90,11:28:40 02-04-2019,True
julianna_ashly@email.com,1234,157.42861.109.23,08:41:42 10-02-2020,False
chiara_yocheved@email.com,Vivian4&ver,153.22618.90.177,10:07:15 07-05-2022,True
tzivia_emma@email.com,6X4|$,196.50607.175.157,19:34:09 22-05-2020,True
maxwell_alpha@email.com,$lL@`,185.53399.151.31,16:35:40 02-01-2023,True
maxwell_alpha@email.com,$lL@`,199.6983.71.100,12:53:25 18-09-2021,True
carla_menachem@email.com,06121979,202.17858.194.157,18:09:27 16-12-2019,False
ezriel_alejandra@email.com,@dmin,197.38358.214.63,20:29:38 08-08-2022,False
ellis_lyric@email.com,&1YRIC12,196.50808.120.254,07:39:48 19-10-2023,True
milana_syed@email.com,JSYED46,115.21607.103.56,07:35:44 04-06-2023,False
diego_aleena@email.com,03091965,192.48302.174.166,09:00:44 14-04-2021,True
carla_menachem@email.com,06121979,154.18081.161.151,20:26:50 14-04-2019,True
ava_boruch@email.com,O@!n7[dBE,185.61449.9.252,21:01:22 17-05-2022,False
michelle_abdiel@email.com,123456,178.18581.149.180,11:27:06 04-01-2022,True
carla_menachem@email.com,06121979,89.10435.195.40,15:58:32 02-04-2021,True
emanuel_ayla@email.com,12121989,27.32194.194.55,07:48:42 29-09-2023,False
denzel_sevyn@email.com,Denzel1950,77.23385.89.201,15:56:03 06-02-2019,False
ezriel_alejandra@email.com,@dmin,202.23107.67.220,19:52:10 26-05-2020,False
emanuel_xavier@email.com,<[vf%G/(;F,195.2099.51.178,15:49:24 29-05-2021,True
diego_aleena@email.com,03091965,80.21255.7.45,12:24:55 11-02-2020,True
michelle_abdiel@email.com,123456,41.54054.38.55,21:44:56 22-01-2019,True
zissy_ronan@email.com,"J}d,",196.8396.204.141,16:46:23 04-02-2020,True
emanuel_ayla@email.com,12121989,77.22591.63.94,15:33:12 15-02-2023,True
maxwell_alpha@email.com,$lL@`,169.61281.97.41,15:04:01 19-11-2020,False
tzivia_emma@email.com,6X4|$,185.26087.231.93,10:26:17 20-09-2020,False
zissy_ronan@email.com,"J}d,",200.174.174.46,08:33:24 06-07-2023,True
denzel_sevyn@email.com,Denzel1950,197.55058.18.10,16:51:09 04-04-2023,False
milana_syed@email.com,JSYED46,217.43673.153.188,16:27:35 03-06-2023,True
ellis_lyric@email.com,&1YRIC12,202.43597.77.160,14:47:34 09-12-2023,False
